Index,ID,Inbox,From,Subject,Date,Page,Body Text,HTML File,Extracted Links,Extracted Codes,Scraped At
1,"e_ZwLjBQVkZQD1BQZ4ZQNjZwZ2AwN0AD==","wealifyjunior@yopmail.com","Your parcel is waiting at depot","Your parcel is waiting at depot","Wealify <no-reply@wealify.com>",1,"Đây là email sandbox WLF-15 gửi từ mailbox Wealify (SMTP config).  Người gửi gốc (CSV): delivery@dhl-express-track.com Người nhận: wealifyjunior@yopmail.com Email id: EM-0148 Thời điểm CSV: 2026-08-10 22:51  Pay 2.99 USD customs to release  DHL: lô hàng đang giữ tại depot. Phí customs $2.99 để giải phóng. Đây là mail rác/nghi lừa — không có tracking Wealify.","html/mail_001_e_ZwLjBQVkZQD1BQZ4ZQNjZwZ2AwN0AD.html","","0148; 2026","2026-08-21T07:47:53.621Z"
2,"e_ZwLjBQVkZQD1BQZ2ZQNjZwZ2AGt3Zj==","wealifyjunior@yopmail.com","Canva Magic Studio — 30% off Pro","Canva Magic Studio — 30% off Pro","Wealify <no-reply@wealify.com>",1,"Đây là email sandbox WLF-15 gửi từ mailbox Wealify (SMTP config).  Người gửi gốc (CSV): promo@canva.com Người nhận: wealifyjunior@yopmail.com Email id: EM-0147 Thời điểm CSV: 2026-08-11 15:09  Design ads faster this month  Canva Pro giảm 30% gói Magic Studio tháng này. Promo, không phải hóa đơn.","html/mail_002_e_ZwLjBQVkZQD1BQZ2ZQNjZwZ2AGt3Zj.html","","0147; 2026","2026-08-21T07:47:54.337Z"
3,"e_ZwLjBQVkZQD1BQZ0ZQNjZwZ2AGLmAt==","wealifyjunior@yopmail.com","Tặng 5GB data 5G cuối tuần","Tặng 5GB data 5G cuối tuần","Wealify <no-reply@wealify.com>",1,"Đây là email sandbox WLF-15 gửi từ mailbox Wealify (SMTP config).  Người gửi gốc (CSV): khuyenmai@viettel.com.vn Người nhận: wealifyjunior@yopmail.com Email id: EM-0146 Thời điểm CSV: 2026-08-12 11:44  Soạn 5G gửi 191  Viettel: soạn 5G gửi 191 nhận 5GB data cuối tuần. Tin khuyến mãi nhà mạng.","html/mail_003_e_ZwLjBQVkZQD1BQZ0ZQNjZwZ2AGLmAt.html","","0146; 2026","2026-08-21T07:47:55.049Z"
4,"e_ZwLjBQVkZQD1BQZlZQNjZwZ2AGD2AD==","wealifyjunior@yopmail.com","Action required: verify withdrawal wallet","Action required: verify withdrawal wallet","Wealify <no-reply@wealify.com>",1,"Đây là email sandbox WLF-15 gửi từ mailbox Wealify (SMTP config).  Người gửi gốc (CSV): notice@binance.com Người nhận: wealifyjunior@yopmail.com Email id: EM-0145 Thời điểm CSV: 2026-08-13 03:18  Unusual login from Singapore  Binance: đăng nhập lạ từ Singapore. Nếu không phải bạn, đổi mật khẩu. Email quảng cáo/cảnh báo — không khớp giao dịch Wealify.","html/mail_004_e_ZwLjBQVkZQD1BQZlZQNjZwZ2AGD2AD.html","","0145; 2026","2026-08-21T07:47:55.760Z"
5,"e_ZwLjBQVkZQD1BQV5ZQNjZwZ2AGV1BN==","wealifyjunior@yopmail.com","Your LinkedIn Premium is reserved","Your LinkedIn Premium is reserved","Wealify <no-reply@wealify.com>",1,"Đây là email sandbox WLF-15 gửi từ mailbox Wealify (SMTP config).  Người gửi gốc (CSV): messages-noreply@linkedin.com Người nhận: wealifyjunior@yopmail.com Email id: EM-0144 Thời điểm CSV: 2026-08-14 06:55  1 month Premium on us  LinkedIn giữ chỗ Premium 1 tháng. Không trừ thẻ trừ khi bạn bật tự gia hạn.","html/mail_005_e_ZwLjBQVkZQD1BQV5ZQNjZwZ2AGV1BN.html","","0144; 2026","2026-08-21T07:47:56.473Z"
6,"e_ZwLjBQVkZQD1BQV5ZQNjZwZ2AGR4BN==","wealifyjunior@yopmail.com","Lazada birthday voucher 9.9","Lazada birthday voucher 9.9","Wealify <no-reply@wealify.com>",1,"Đây là email sandbox WLF-15 gửi từ mailbox Wealify (SMTP config).  Người gửi gốc (CSV): hello@lazada.vn Người nhận: wealifyjunior@yopmail.com Email id: EM-0143 Thời điểm CSV: 2026-08-15 20:22  Mã giảm 111K đơn từ 399K  Lazada tặng voucher sinh nhật 111K cho đơn từ 399K. Áp dụng 9.9. Không phải xác nhận đơn hàng.","html/mail_006_e_ZwLjBQVkZQD1BQV5ZQNjZwZ2AGR4BN.html","","0143; 2026","2026-08-21T07:47:57.184Z"
7,"e_ZwLjBQVkZQD1BQV1ZQNjZwZ2AQt3Zj==","wealifyjunior@yopmail.com","Lazada birthday voucher 9.9","Lazada birthday voucher 9.9","Wealify <no-reply@wealify.com>",1,"Đây là email sandbox WLF-15 gửi từ mailbox Wealify (SMTP config).  Người gửi gốc (CSV): hello@lazada.vn Người nhận: wealifyjunior@yopmail.com Email id: EM-0143 Thời điểm CSV: 2026-08-15 20:22  Mã giảm 111K đơn từ 399K  Lazada tặng voucher sinh nhật 111K cho đơn từ 399K. Áp dụng 9.9. Không phải xác nhận đơn hàng.","html/mail_007_e_ZwLjBQVkZQD1BQV1ZQNjZwZ2AQt3Zj.html","","0143; 2026","2026-08-21T07:47:57.893Z"
8,"e_ZwLjBQVkZQD1BQVlZQNjZwZ2AQH4BD==","wealifyjunior@yopmail.com","Boost TikTok Shop listings this week","Boost TikTok Shop listings this week","Wealify <no-reply@wealify.com>",1,"Đây là email sandbox WLF-15 gửi từ mailbox Wealify (SMTP config).  Người gửi gốc (CSV): noreply@tiktok.com Người nhận: wealifyjunior@yopmail.com Email id: EM-0141 Thời điểm CSV: 2026-08-17 12:40  Extra 20% ads coupon for sellers  TikTok Shop: coupon +20% ads cho seller. Dùng trước cuối tuần để boost listing.","html/mail_008_e_ZwLjBQVkZQD1BQVlZQNjZwZ2AQH4BD.html","","0141; 2026","2026-08-21T07:47:58.604Z"
9,"e_ZwLjBQVkZQD1BQR5ZQNjZwZ2AQZlZN==","wealifyjunior@yopmail.com","$50 Facebook Ads credit waiting","$50 Facebook Ads credit waiting","Wealify <no-reply@wealify.com>",1,"Đây là email sandbox WLF-15 gửi từ mailbox Wealify (SMTP config).  Người gửi gốc (CSV): ads@facebookmail.com Người nhận: wealifyjunior@yopmail.com Email id: EM-0140 Thời điểm CSV: 2026-08-18 21:15  Claim your ads credit before 25 Aug  Facebook Ads Manager: bạn còn $50 credit chưa dùng, hết hạn 25/08. Quảng cáo — không phải biên lai chi tiêu.","html/mail_009_e_ZwLjBQVkZQD1BQR5ZQNjZwZ2AQZlZN.html","","0140; 2026","2026-08-21T07:47:59.316Z"
10,"e_ZwLjBQVkZQD1BQR4ZQNjZwZ2AQVjBD==","wealifyjunior@yopmail.com","Shopee 9.9 Mega Sale — đến 90%","Shopee 9.9 Mega Sale — đến 90%","Wealify <no-reply@wealify.com>",1,"Đây là email sandbox WLF-15 gửi từ mailbox Wealify (SMTP config).  Người gửi gốc (CSV): deal@shopee.vn Người nhận: wealifyjunior@yopmail.com Email id: EM-0139 Thời điểm CSV: 2026-08-19 07:30  Voucher 500K hết hạn tonight  Shopee 9.9: voucher 500.000đ + freeship. Chỉ còn hôm nay. Bấm app Shopee để lấy mã. Không gắn giao dịch Wealify.","html/mail_010_e_ZwLjBQVkZQD1BQR4ZQNjZwZ2AQVjBD.html","","0139; 2026","2026-08-21T07:48:00.026Z"
11,"e_ZwLjBQVkZQD1BQR0ZQNjZwZ2ZmxlAN==","wealifyjunior@yopmail.com","Payout confirmation Paypal","Payout confirmation Paypal","Wealify <no-reply@wealify.com>",1,"Đây là email sandbox WLF-15 gửi từ mailbox Wealify (SMTP config).  Người gửi gốc (CSV): payments@paypal.com Người nhận: wealifyjunior@yopmail.com Email id: EM-0138 Thời điểm CSV: 2026-08-12 19:47  You received USD 1426.00  Paypal mass-pay for last week's invoices. Destination: your Wealify USD VA.","html/mail_011_e_ZwLjBQVkZQD1BQR0ZQNjZwZ2ZmxlAN.html","","0138; 2026; 1426","2026-08-21T07:48:00.735Z"
12,"e_ZwLjBQVkZQD1BQRlZQNjZwZ2ZmL2At==","wealifyjunior@yopmail.com","Payout confirmation Payoneer","Payout confirmation Payoneer","Wealify <no-reply@wealify.com>",1,"Đây là email sandbox WLF-15 gửi từ mailbox Wealify (SMTP config).  Người gửi gốc (CSV): payments@payoneer.com Người nhận: wealifyjunior@yopmail.com Email id: EM-0137 Thời điểm CSV: 2026-08-20 09:12  You received USD 76.50  Small Payoneer residual payout after currency adjustment. If this looks unexpected, check your Payoneer activity.","html/mail_012_e_ZwLjBQVkZQD1BQRlZQNjZwZ2ZmL2At.html","","0137; 2026","2026-08-21T07:48:01.447Z"
13,"e_ZwLjBQVkZQD1BQN4ZQNjZwZ2ZmZ2Aj==","wealifyjunior@yopmail.com","PingPong payout completed","PingPong payout completed","Wealify <no-reply@wealify.com>",1,"Đây là email sandbox WLF-15 gửi từ mailbox Wealify (SMTP config).  Người gửi gốc (CSV): noreply@pingpongx.com Người nhận: wealifyjunior@yopmail.com Email id: EM-0136 Thời điểm CSV: 2026-08-14 11:03  You received VND 11920000  PingPong finished a VND withdrawal to PINGPONG MSB. Batch PPX-20260814-1288.","html/mail_013_e_ZwLjBQVkZQD1BQN4ZQNjZwZ2ZmZ2Aj.html","","0136; 2026; 11920000; 20260814; 1288","2026-08-21T07:48:02.159Z"
14,"e_ZwLjBQVkZQD1BQN1ZQNjZwZ2ZmN4AN==","wealifyjunior@yopmail.com","Etsy deposit sent to your VA","Etsy deposit sent to your VA","Wealify <no-reply@wealify.com>",1,"Đây là email sandbox WLF-15 gửi từ mailbox Wealify (SMTP config).  Người gửi gốc (CSV): payments@etsy.com Người nhận: wealifyjunior@yopmail.com Email id: EM-0135 Thời điểm CSV: 2026-08-16 16:18  You received VND 44390000  Etsy sent your shop deposit in VND to ETSY SELLER / BIDV. Keep this email for bookkeeping.","html/mail_014_e_ZwLjBQVkZQD1BQN1ZQNjZwZ2ZmN4AN.html","","0135; 2026; 44390000","2026-08-21T07:48:02.873Z"
15,"e_ZwLjBQVkZQD1BQNlZQNjZwZ2Zwp5AD==","wealifyjunior@yopmail.com","Payout confirmation Amazon","Payout confirmation Amazon","Wealify <no-reply@wealify.com>",1,"Đây là email sandbox WLF-15 gửi từ mailbox Wealify (SMTP config).  Người gửi gốc (CSV): payments@amazon.com Người nhận: wealifyjunior@yopmail.com Email id: EM-0134 Thời điểm CSV: 2026-08-17 08:41  You received USD 2844.10  Amazon disbursed your latest US marketplace settlement to AMAZON US PAYOUT. Settlement ID 5192833.","html/mail_015_e_ZwLjBQVkZQD1BQNlZQNjZwZ2Zwp5AD.html","","0134; 2026; 2844; 5192833","2026-08-21T07:48:03.586Z"
16,"e_ZwLjBQVkZQD1BQNkZQNjZwZ2ZwH1BD==","wealifyjunior@yopmail.com","Payout confirmation Paypal","Payout confirmation Paypal","Wealify <no-reply@wealify.com>",2,"Đây là email sandbox WLF-15 gửi từ mailbox Wealify (SMTP config).  Người gửi gốc (CSV): payments@paypal.com Người nhận: wealifyjunior@yopmail.com Email id: EM-0133 Thời điểm CSV: 2026-08-19 14:05  You received USD 598.40  Paypal completed a seller payout to PAYPAL SELLER. Transaction ID PP-9K2M64215. No action needed.","html/mail_016_e_ZwLjBQVkZQD1BQNkZQNjZwZ2ZwH1BD.html","","0133; 2026","2026-08-21T07:48:04.299Z"
17,"e_ZwLjBQVkZQD1AmH4ZQNjZwZ2ZwV2Zt==","wealifyjunior@yopmail.com","Payout confirmation Payoneer","Payout confirmation Payoneer","Wealify <no-reply@wealify.com>",2,"Đây là email sandbox WLF-15 gửi từ mailbox Wealify (SMTP config).  Người gửi gốc (CSV): payments@payoneer.com Người nhận: wealifyjunior@yopmail.com Email id: EM-0132 Thời điểm CSV: 2026-08-18 10:22  You received USD 1726.29  Payoneer released a USD payout to your Wealify VA (MSB). Funds should appear within 1 business day. Ref PO-88217640.","html/mail_017_e_ZwLjBQVkZQD1AmH4ZQNjZwZ2ZwV2Zt.html","","0132; 2026; 1726; 88217640","2026-08-21T07:48:05.013Z"
18,"e_ZwLjBQVkZQD1AGN1ZQNjZwZmBGNkZN==","wealifyjunior@yopmail.com","Giao dịch rút tiền từ Tài kho ản ảo đã bị hủy","Giao dịch rút tiền từ Tài kho ản ảo đã bị hủy","Wealify <no-reply@wealify.com>",2,"Chào Mail Linh Junior,  Chúng tôi rất tiếc phải thông báo rằng giao dịch rút tiền từ Tài khoản ảo của bạn đã bị hủy.  Lý do thất bại: Lệnh rút quá hạn — tự động hủy do không được xử lý trong thời gian quy định.  Chi tiết giao dịch:  - Mã giao dịch: WLFJR-VA-0032 - Thời gian: 20/07/2026 08:07AM - Phương thức: Ngân hàng - Tên ngân hàng: - Tên tài khoản: - Số tài khoản: - Số tiền rút: 50,699,000 VND - Phí: 0.00% - Thực nhận: 50,699,000 VND  Vui lòng xem lại các chi tiết và thử lại quy trình rút tiền. Nếu bạn cần hỗ trợ hoặc có bất kỳ câu hỏi nào, vui lòng liên hệ với chúng tôi tại support@wealify.com.  Trân trọng,  Đội ngũ Wealify  © 2026 Wealify. Bảo lưu mọi quyền.","html/mail_018_e_ZwLjBQVkZQD1AGN1ZQNjZwZmBGNkZN.html","","0032; 2026","2026-08-21T07:48:05.729Z"
19,"e_ZwLjBQVkZQD1ZwNlZQNjZwZkZmL5At==","wealifyjunior@yopmail.com","[WEALIFY] RÚT TIỀN THÀNH CÔNG: 250 USD TỪ CARD VỀ WALLET","[WEALIFY] RÚT TIỀN THÀNH CÔNG: 250 USD TỪ CARD VỀ WALLET","Wealify <no-reply@wealify.com>",2,"Xin chào Mail Linh Junior,  Giao dịch rút tiền từ Virtual Card về Wealify Wallet của bạn đã được xử lý thành công.  Chi tiết giao dịch:  Mã giao dịch: WLFJR-CD-0211 Loại thẻ: Volcano Ads JR (0101) Số tiền rút: 250 USD Số tiền nhận về Wallet: 250 USD Thời gian: 2026-08-21 04:51:54 Trạng thái: Thành công  Số dư hiện tại:  Card (0101): 96.33 USD Wallet (USD): 2750.01 USD  Bạn có thể sử dụng số dư Wallet USD để nạp thẻ khác, chuyển đổi sang USDT, hoặc giữ lại để dùng sau.  Nếu bạn không thực hiện giao dịch này, vui lòng liên hệ ngay đội ngũ hỗ trợ Wealify:  Email: support@wealify.com Telegram: @WealifySupport  Trân trọng, Đội ngũ Wealify  Cảm ơn Quý khách đã sử dụng dịch vụ của Wealify.  © 2025 Wealify. Mọi quyền được bảo lưu.","html/mail_019_e_ZwLjBQVkZQD1ZwNlZQNjZwZkZmL5At.html","https://t.me/WealifySupport","0211; 0101; 2026; 2750; 2025","2026-08-21T07:48:06.442Z"
20,"e_ZwLjBQVkZQDmZmD0ZQNjZwR1Zwx4At==","wealifyjunior@yopmail.com","[Khẩn] Xác minh tài khoản của bạn trong 24h","[Khẩn] Xác minh tài khoản của bạn trong 24h","Wealify <no-reply@wealify.com>",2,"Đây là email sandbox WLF-15 gửi từ mailbox Wealify (SMTP config).  Người gửi gốc (CSV): Wealify Security <no-reply@wea1ify-support.com> Email id: EM-0129 Thời điểm CSV: 2026-08-10 08:12  Bấm link xác minh nếu không tài khoản sẽ bị khoá  Yêu cầu xác minh khẩn  Tài khoản của bạn sẽ bị khoá nếu không xác minh trong 24 giờ.  Bấm vào đây để xác minh ngay","html/mail_020_e_ZwLjBQVkZQDmZmD0ZQNjZwR1Zwx4At.html","https://wea1ify-support.com/verify?ref=EM-0129","0129; 2026","2026-08-21T07:48:07.154Z"
21,"e_ZwLjBQVkZQDmZmZ5ZQNjZwR1ZwZkBD==","wealifyjunior@yopmail.com","Order confirmation - Shopee","Order confirmation - Shopee","Wealify <no-reply@wealify.com>",2,"Đây là email sandbox WLF-15 gửi từ mailbox Wealify (SMTP config).  Người gửi gốc (CSV): noreply@shopee.com Email id: EM-0128 Thời điểm CSV: 2026-04-24 15:27  Thanks  Giao dịch thẻ  CSV id: CD-0201 Wealify order_no: WLF15-CD-0201 Thẻ: VC04 Loại: purchase Merchant: SHOPEE *ORDER Số tiền: 192.52 EUR (~207.92 USD) Trạng thái CSV: success Mô tả: Shopee","html/mail_021_e_ZwLjBQVkZQDmZmZ5ZQNjZwR1ZwZkBD.html","","0128; 2026; 0201","2026-08-21T07:48:07.868Z"
22,"e_ZwLjBQVkZQDmZmZ3ZQNjZwR1ZGx5ZN==","wealifyjunior@yopmail.com","Order confirmation - Shopee","Order confirmation - Shopee","Wealify <no-reply@wealify.com>",2,"Đây là email sandbox WLF-15 gửi từ mailbox Wealify (SMTP config).  Người gửi gốc (CSV): noreply@shopee.com Email id: EM-0127 Thời điểm CSV: 2026-07-30 12:18  Thanks  Giao dịch thẻ  CSV id: CD-0199 Wealify order_no: WLF15-CD-0199 Thẻ: VC04 Loại: purchase Merchant: SHOPEE *ORDER Số tiền: 45.24 EUR (~48.86 USD) Trạng thái CSV: success Mô tả: Shopee","html/mail_022_e_ZwLjBQVkZQDmZmZ3ZQNjZwR1ZGx5ZN.html","","0127; 2026; 0199","2026-08-21T07:48:08.579Z"
23,"e_ZwLjBQVkZQDmZmZ1ZQNjZwR1ZGL5BN==","wealifyjunior@yopmail.com","Order confirmation - The Coffee House","Order confirmation - The Coffee House","Wealify <no-reply@wealify.com>",2,"Đây là email sandbox WLF-15 gửi từ mailbox Wealify (SMTP config).  Người gửi gốc (CSV): noreply@the.com Email id: EM-0126 Thời điểm CSV: 2026-07-20 00:44  Thanks  Giao dịch thẻ  CSV id: CD-0197 Wealify order_no: WLF15-CD-0197 Thẻ: VC04 Loại: purchase Merchant: SQ *THE COFFEE HOUSE Số tiền: 27.99 EUR (~30.23 USD) Trạng thái CSV: success Mô tả: The Coffee House","html/mail_023_e_ZwLjBQVkZQDmZmZ1ZQNjZwR1ZGL5BN.html","","0126; 2026; 0197","2026-08-21T07:48:09.291Z"
24,"e_ZwLjBQVkZQDmZmZlZQNjZwR1ZGZ5ZD==","wealifyjunior@yopmail.com","Order confirmation - Apple","Order confirmation - Apple","Wealify <no-reply@wealify.com>",2,"Đây là email sandbox WLF-15 gửi từ mailbox Wealify (SMTP config).  Người gửi gốc (CSV): noreply@apple.com Email id: EM-0125 Thời điểm CSV: 2026-08-11 16:33  Thanks  Giao dịch thẻ  CSV id: CD-0193 Wealify order_no: WLF15-CD-0193 Thẻ: VC04 Loại: purchase Merchant: APPLE.COM/BILL Số tiền: 53.28 EUR (~57.54 USD) Trạng thái CSV: success Mô tả: Apple","html/mail_024_e_ZwLjBQVkZQDmZmZlZQNjZwR1ZGZ5ZD.html","","0125; 2026; 0193","2026-08-21T07:48:10.004Z"
25,"e_ZwLjBQVkZQDmZmZjZQNjZwR1ZGR3Zt==","wealifyjunior@yopmail.com","Order confirmation - Grab","Order confirmation - Grab","Wealify <no-reply@wealify.com>",2,"Đây là email sandbox WLF-15 gửi từ mailbox Wealify (SMTP config).  Người gửi gốc (CSV): noreply@grab.com Email id: EM-0124 Thời điểm CSV: 2026-03-31 22:01  Thanks  Giao dịch thẻ  CSV id: CD-0187 Wealify order_no: WLF15-CD-0187 Thẻ: VC02 Loại: purchase Merchant: GRAB* RIDE HCM Số tiền: 17.73 USD (~17.73 USD) Trạng thái CSV: success Mô tả: Grab","html/mail_025_e_ZwLjBQVkZQDmZmZjZQNjZwR1ZGR3Zt.html","","0124; 2026; 0187","2026-08-21T07:48:10.714Z"
26,"e_ZwLjBQVkZQDmZmV3ZQNjZwR1ZQt5Zj==","wealifyjunior@yopmail.com","Order confirmation - Vultr","Order confirmation - Vultr","Wealify <no-reply@wealify.com>",2,"Đây là email sandbox WLF-15 gửi từ mailbox Wealify (SMTP config).  Người gửi gốc (CSV): noreply@vultr.com Email id: EM-0123 Thời điểm CSV: 2026-03-15 23:02  Thanks  Giao dịch thẻ  CSV id: CD-0183 Wealify order_no: WLF15-CD-0183 Thẻ: VC04 Loại: purchase Merchant: VULTR.COM* CLOUD Số tiền: 15.89 EUR (~17.16 USD) Trạng thái CSV: success Mô tả: Vultr","html/mail_026_e_ZwLjBQVkZQDmZmV3ZQNjZwR1ZQt5Zj.html","","0123; 2026; 0183","2026-08-21T07:48:11.423Z"
27,"e_ZwLjBQVkZQDmZmV1ZQNjZwR1ZQLjZj==","wealifyjunior@yopmail.com","Order confirmation - Namecheap","Order confirmation - Namecheap","Wealify <no-reply@wealify.com>",2,"Đây là email sandbox WLF-15 gửi từ mailbox Wealify (SMTP config).  Người gửi gốc (CSV): noreply@namecheap.com Email id: EM-0122 Thời điểm CSV: 2026-04-30 15:47  Thanks  Giao dịch thẻ  CSV id: CD-0177 Wealify order_no: WLF15-CD-0177 Thẻ: VC04 Loại: purchase Merchant: NAMECHEAP* DOMAIN Số tiền: 54.74 EUR (~59.12 USD) Trạng thái CSV: success Mô tả: Namecheap","html/mail_027_e_ZwLjBQVkZQDmZmV1ZQNjZwR1ZQLjZj.html","","0122; 2026; 0177","2026-08-21T07:48:12.135Z"
28,"e_ZwLjBQVkZQDmZmVlZQNjZwR1ZQVmZt==","wealifyjunior@yopmail.com","Order confirmation - Apple","Order confirmation - Apple","Wealify <no-reply@wealify.com>",2,"Đây là email sandbox WLF-15 gửi từ mailbox Wealify (SMTP config).  Người gửi gốc (CSV): noreply@apple.com Email id: EM-0121 Thời điểm CSV: 2026-05-26 02:02  Thanks  Giao dịch thẻ  CSV id: CD-0175 Wealify order_no: WLF15-CD-0175 Thẻ: VC02 Loại: purchase Merchant: APPLE.COM/BILL Số tiền: 64.69 USD (~64.69 USD) Trạng thái CSV: success Mô tả: Apple","html/mail_028_e_ZwLjBQVkZQDmZmVlZQNjZwR1ZQVmZt.html","","0121; 2026; 0175","2026-08-21T07:48:12.850Z"
29,"e_ZwLjBQVkZQDmZmVjZQNjZwR1ZQN0ZN==","wealifyjunior@yopmail.com","Order confirmation - Lazada","Order confirmation - Lazada","Wealify <no-reply@wealify.com>",2,"Đây là email sandbox WLF-15 gửi từ mailbox Wealify (SMTP config).  Người gửi gốc (CSV): noreply@lazada.com Email id: EM-0120 Thời điểm CSV: 2026-03-12 12:02  Thanks  Giao dịch thẻ  CSV id: CD-0166 Wealify order_no: WLF15-CD-0166 Thẻ: VC04 Loại: purchase Merchant: LAZADA *MALL Số tiền: 15.28 EUR (~16.5 USD) Trạng thái CSV: success Mô tả: Lazada","html/mail_029_e_ZwLjBQVkZQDmZmVjZQNjZwR1ZQN0ZN.html","","0120; 2026; 0166","2026-08-21T07:48:13.563Z"
30,"e_ZwLjBQVkZQDmZmR4ZQNjZwR0BGpmBN==","wealifyjunior@yopmail.com","Order confirmation - Vultr","Order confirmation - Vultr","Wealify <no-reply@wealify.com>",2,"Đây là email sandbox WLF-15 gửi từ mailbox Wealify (SMTP config).  Người gửi gốc (CSV): noreply@vultr.com Email id: EM-0119 Thời điểm CSV: 2026-07-27 05:03  Thanks  Giao dịch thẻ  CSV id: CD-0163 Wealify order_no: WLF15-CD-0163 Thẻ: VC02 Loại: purchase Merchant: VULTR.COM* CLOUD Số tiền: 52.98 USD (~52.98 USD) Trạng thái CSV: success Mô tả: Vultr","html/mail_030_e_ZwLjBQVkZQDmZmR4ZQNjZwR0BGpmBN.html","","0119; 2026; 0163","2026-08-21T07:48:14.277Z"
31,"e_ZwLjBQVkZQDmZmR2ZQNjZwR0BGHjBD==","wealifyjunior@yopmail.com","Order confirmation - Shopee","Order confirmation - Shopee","Wealify <no-reply@wealify.com>",3,"Đây là email sandbox WLF-15 gửi từ mailbox Wealify (SMTP config).  Người gửi gốc (CSV): noreply@shopee.com Email id: EM-0118 Thời điểm CSV: 2026-08-04 08:06  Thanks  Giao dịch thẻ  CSV id: CD-0162 Wealify order_no: WLF15-CD-0162 Thẻ: VC01 Loại: purchase Merchant: SHOPEE *ORDER Số tiền: 150.23 USD (~150.23 USD) Trạng thái CSV: success Mô tả: Shopee","html/mail_031_e_ZwLjBQVkZQDmZmR2ZQNjZwR0BGHjBD.html","","0118; 2026; 0162","2026-08-21T07:48:14.987Z"
32,"e_ZwLjBQVkZQDmZmRmZQNjZwR0BGVjBN==","wealifyjunior@yopmail.com","Order confirmation - Shopee","Order confirmation - Shopee","Wealify <no-reply@wealify.com>",3,"Đây là email sandbox WLF-15 gửi từ mailbox Wealify (SMTP config).  Người gửi gốc (CSV): noreply@shopee.com Email id: EM-0117 Thời điểm CSV: 2026-04-18 06:57  Thanks  Giao dịch thẻ  CSV id: CD-0156 Wealify order_no: WLF15-CD-0156 Thẻ: VC02 Loại: purchase Merchant: SHOPEE *ORDER Số tiền: 65.7 USD (~65.7 USD) Trạng thái CSV: success Mô tả: Shopee","html/mail_032_e_ZwLjBQVkZQDmZmRmZQNjZwR0BGVjBN.html","","0117; 2026; 0156","2026-08-21T07:48:15.698Z"
33,"e_ZwLjBQVkZQDmZmRkZQNjZwR0BQt5At==","wealifyjunior@yopmail.com","Order confirmation - Apple","Order confirmation - Apple","Wealify <no-reply@wealify.com>",3,"Đây là email sandbox WLF-15 gửi từ mailbox Wealify (SMTP config).  Người gửi gốc (CSV): noreply@apple.com Email id: EM-0116 Thời điểm CSV: 2026-04-08 11:31  Thanks  Giao dịch thẻ  CSV id: CD-0154 Wealify order_no: WLF15-CD-0154 Thẻ: VC03 Loại: purchase Merchant: APPLE.COM/BILL Số tiền: 45.51 USD (~45.51 USD) Trạng thái CSV: success Mô tả: Apple","html/mail_033_e_ZwLjBQVkZQDmZmRkZQNjZwR0BQt5At.html","","0116; 2026; 0154","2026-08-21T07:48:16.412Z"
34,"e_ZwLjBQVkZQDmZmN3ZQNjZwR0BQH4Zj==","wealifyjunior@yopmail.com","Order confirmation - Amazon","Order confirmation - Amazon","Wealify <no-reply@wealify.com>",3,"Đây là email sandbox WLF-15 gửi từ mailbox Wealify (SMTP config).  Người gửi gốc (CSV): noreply@amazon.com Email id: EM-0114 Thời điểm CSV: 2026-04-15 14:37  Thanks  Giao dịch thẻ  CSV id: CD-0151 Wealify order_no: WLF15-CD-0151 Thẻ: VC02 Loại: purchase Merchant: AMZN Mktp US*2K9 Số tiền: 32.66 USD (~32.66 USD) Trạng thái CSV: success Mô tả: Amazon","html/mail_034_e_ZwLjBQVkZQDmZmN3ZQNjZwR0BQH4Zj.html","","0114; 2026; 0151","2026-08-21T07:48:17.124Z"
35,"e_ZwLjBQVkZQDmZmN3ZQNjZwR0BQH3Zj==","wealifyjunior@yopmail.com","Order confirmation - Vultr","Order confirmation - Vultr","Wealify <no-reply@wealify.com>",3,"Đây là email sandbox WLF-15 gửi từ mailbox Wealify (SMTP config).  Người gửi gốc (CSV): noreply@vultr.com Email id: EM-0115 Thời điểm CSV: 2026-04-22 01:14  Thanks  Giao dịch thẻ  CSV id: CD-0153 Wealify order_no: WLF15-CD-0153 Thẻ: VC03 Loại: purchase Merchant: VULTR.COM* CLOUD Số tiền: 8.75 USD (~8.75 USD) Trạng thái CSV: success Mô tả: Vultr","html/mail_035_e_ZwLjBQVkZQDmZmN3ZQNjZwR0BQH3Zj.html","","0115; 2026; 0153","2026-08-21T07:48:17.835Z"
36,"e_ZwLjBQVkZQDmZmNmZQNjZwR0BQN2ZN==","wealifyjunior@yopmail.com","Order confirmation - AliExpress","Order confirmation - AliExpress","Wealify <no-reply@wealify.com>",3,"Đây là email sandbox WLF-15 gửi từ mailbox Wealify (SMTP config).  Người gửi gốc (CSV): noreply@aliexpress.com Email id: EM-0113 Thời điểm CSV: 2026-06-23 05:41  Thanks  Giao dịch thẻ  CSV id: CD-0150 Wealify order_no: WLF15-CD-0150 Thẻ: VC02 Loại: purchase Merchant: ALIEXPRESS.COM Số tiền: 24.61 USD (~24.61 USD) Trạng thái CSV: success Mô tả: AliExpress","html/mail_036_e_ZwLjBQVkZQDmZmNmZQNjZwR0BQN2ZN.html","","0113; 2026; 0150","2026-08-21T07:48:18.550Z"
37,"e_ZwLjBQVkZQDmZmNkZQNjZwR0Amp1Aj==","wealifyjunior@yopmail.com","Order confirmation - Booking.com","Order confirmation - Booking.com","Wealify <no-reply@wealify.com>",3,"Đây là email sandbox WLF-15 gửi từ mailbox Wealify (SMTP config).  Người gửi gốc (CSV): noreply@booking.com.com Email id: EM-0112 Thời điểm CSV: 2026-07-01 12:51  Thanks  Giao dịch thẻ  CSV id: CD-0146 Wealify order_no: WLF15-CD-0146 Thẻ: VC01 Loại: purchase Merchant: BOOKING.COM 9931 Số tiền: 588.8 USD (~588.8 USD) Trạng thái CSV: success Mô tả: Booking.com","html/mail_037_e_ZwLjBQVkZQDmZmNkZQNjZwR0Amp1Aj.html","","0112; 2026; 0146; 9931","2026-08-21T07:48:19.262Z"
38,"e_ZwLjBQVkZQDmZwH4ZQNjZwR0AmD3Aj==","wealifyjunior@yopmail.com","Order confirmation - Shopee","Order confirmation - Shopee","Wealify <no-reply@wealify.com>",3,"Đây là email sandbox WLF-15 gửi từ mailbox Wealify (SMTP config).  Người gửi gốc (CSV): noreply@shopee.com Email id: EM-0111 Thời điểm CSV: 2026-05-02 14:19  Thanks  Giao dịch thẻ  CSV id: CD-0141 Wealify order_no: WLF15-CD-0141 Thẻ: VC01 Loại: purchase Merchant: SHOPEE *ORDER Số tiền: 37.36 USD (~37.36 USD) Trạng thái CSV: success Mô tả: Shopee","html/mail_038_e_ZwLjBQVkZQDmZwH4ZQNjZwR0AmD3Aj.html","","0111; 2026; 0141","2026-08-21T07:48:19.976Z"
39,"e_ZwLjBQVkZQDmZwH2ZQNjZwR0AmR1Zj==","wealifyjunior@yopmail.com","Order confirmation - The Coffee House","Order confirmation - The Coffee House","Wealify <no-reply@wealify.com>",3,"Đây là email sandbox WLF-15 gửi từ mailbox Wealify (SMTP config).  Người gửi gốc (CSV): noreply@the.com Email id: EM-0110 Thời điểm CSV: 2026-06-19 19:15  Thanks  Giao dịch thẻ  CSV id: CD-0139 Wealify order_no: WLF15-CD-0139 Thẻ: VC03 Loại: purchase Merchant: SQ *THE COFFEE HOUSE Số tiền: 30.55 USD (~30.55 USD) Trạng thái CSV: success Mô tả: The Coffee House","html/mail_039_e_ZwLjBQVkZQDmZwH2ZQNjZwR0AmR1Zj.html","","0110; 2026; 0139","2026-08-21T07:48:20.689Z"
40,"e_ZwLjBQVkZQDmZwHmZQNjZwR0AwtlZN==","wealifyjunior@yopmail.com","Order confirmation - Shopee","Order confirmation - Shopee","Wealify <no-reply@wealify.com>",3,"Đây là email sandbox WLF-15 gửi từ mailbox Wealify (SMTP config).  Người gửi gốc (CSV): noreply@shopee.com Email id: EM-0109 Thời điểm CSV: 2026-03-12 22:05  Thanks  Giao dịch thẻ  CSV id: CD-0138 Wealify order_no: WLF15-CD-0138 Thẻ: VC03 Loại: purchase Merchant: SHOPEE *ORDER Số tiền: 91.32 USD (~91.32 USD) Trạng thái CSV: success Mô tả: Shopee","html/mail_040_e_ZwLjBQVkZQDmZwHmZQNjZwR0AwtlZN.html","","0109; 2026; 0138","2026-08-21T07:48:21.401Z"
41,"e_ZwLjBQVkZQDmZwHmZQNjZwR0AwtjAN==","wealifyjunior@yopmail.com","Order confirmation - Shopee","Order confirmation - Shopee","Wealify <no-reply@wealify.com>",3,"Đây là email sandbox WLF-15 gửi từ mailbox Wealify (SMTP config).  Người gửi gốc (CSV): noreply@shopee.com Email id: EM-0108 Thời điểm CSV: 2026-04-14 16:18  Thanks  Giao dịch thẻ  CSV id: CD-0135 Wealify order_no: WLF15-CD-0135 Thẻ: VC04 Loại: purchase Merchant: SHOPEE *ORDER Số tiền: 184.04 EUR (~198.76 USD) Trạng thái CSV: success Mô tả: Shopee","html/mail_041_e_ZwLjBQVkZQDmZwHmZQNjZwR0AwtjAN.html","","0108; 2026; 0135","2026-08-21T07:48:22.112Z"
42,"e_ZwLjBQVkZQDmZwD5ZQNjZwR0AwZkZt==","wealifyjunior@yopmail.com","Order confirmation - Booking.com","Order confirmation - Booking.com","Wealify <no-reply@wealify.com>",3,"Đây là email sandbox WLF-15 gửi từ mailbox Wealify (SMTP config).  Người gửi gốc (CSV): noreply@booking.com.com Email id: EM-0107 Thời điểm CSV: 2026-06-14 18:15  Thanks  Giao dịch thẻ  CSV id: CD-0128 Wealify order_no: WLF15-CD-0128 Thẻ: VC01 Loại: purchase Merchant: BOOKING.COM 9931 Số tiền: 480.85 USD (~480.85 USD) Trạng thái CSV: success Mô tả: Booking.com","html/mail_042_e_ZwLjBQVkZQDmZwD5ZQNjZwR0AwZkZt.html","","0107; 2026; 0128; 9931","2026-08-21T07:48:22.825Z"
43,"e_ZwLjBQVkZQDmZwD2ZQNjZwR0AGx2ZN==","wealifyjunior@yopmail.com","Order confirmation - Booking.com","Order confirmation - Booking.com","Wealify <no-reply@wealify.com>",3,"Đây là email sandbox WLF-15 gửi từ mailbox Wealify (SMTP config).  Người gửi gốc (CSV): noreply@booking.com.com Email id: EM-0106 Thời điểm CSV: 2026-04-05 23:54  Thanks  Giao dịch thẻ  CSV id: CD-0124 Wealify order_no: WLF15-CD-0124 Thẻ: VC02 Loại: purchase Merchant: BOOKING.COM 9931 Số tiền: 70.36 USD (~70.36 USD) Trạng thái CSV: success Mô tả: Booking.com","html/mail_043_e_ZwLjBQVkZQDmZwD2ZQNjZwR0AGx2ZN.html","","0106; 2026; 0124; 9931","2026-08-21T07:48:23.537Z"
44,"e_ZwLjBQVkZQDmZwD0ZQNjZwR0AGL1BD==","wealifyjunior@yopmail.com","Order confirmation - Uber","Order confirmation - Uber","Wealify <no-reply@wealify.com>",3,"Đây là email sandbox WLF-15 gửi từ mailbox Wealify (SMTP config).  Người gửi gốc (CSV): noreply@uber.com Email id: EM-0105 Thời điểm CSV: 2026-07-28 08:52  Thanks  Giao dịch thẻ  CSV id: CD-0123 Wealify order_no: WLF15-CD-0123 Thẻ: VC01 Loại: purchase Merchant: UBER *EATS Số tiền: 27.27 USD (~27.27 USD) Trạng thái CSV: success Mô tả: Uber","html/mail_044_e_ZwLjBQVkZQDmZwD0ZQNjZwR0AGL1BD.html","","0105; 2026; 0123","2026-08-21T07:48:24.250Z"
45,"e_ZwLjBQVkZQDmZwDlZQNjZwR0AGDmAt==","wealifyjunior@yopmail.com","Order confirmation - Uber","Order confirmation - Uber","Wealify <no-reply@wealify.com>",3,"Đây là email sandbox WLF-15 gửi từ mailbox Wealify (SMTP config).  Người gửi gốc (CSV): noreply@uber.com Email id: EM-0105 Thời điểm CSV: 2026-07-28 08:52  Thanks  Giao dịch thẻ  CSV id: CD-0123 Wealify order_no: WLF15-CD-0123 Thẻ: VC01 Loại: purchase Merchant: UBER *EATS Số tiền: 27.27 USD (~27.27 USD) Trạng thái CSV: success Mô tả: Uber","html/mail_045_e_ZwLjBQVkZQDmZwDlZQNjZwR0AGDmAt.html","","0105; 2026; 0123","2026-08-21T07:48:24.963Z"
46,"e_ZwLjBQVkZQDmZwDjZQNjZwR0AGVjZj==","wealifyjunior@yopmail.com","Order confirmation - AliExpress","Order confirmation - AliExpress","Wealify <no-reply@wealify.com>",4,"Đây là email sandbox WLF-15 gửi từ mailbox Wealify (SMTP config).  Người gửi gốc (CSV): noreply@aliexpress.com Email id: EM-0103 Thời điểm CSV: 2026-05-16 20:37  Thanks  Giao dịch thẻ  CSV id: CD-0116 Wealify order_no: WLF15-CD-0116 Thẻ: VC01 Loại: purchase Merchant: ALIEXPRESS.COM Số tiền: 92.36 USD (~92.36 USD) Trạng thái CSV: success Mô tả: AliExpress","html/mail_046_e_ZwLjBQVkZQDmZwDjZQNjZwR0AGVjZj.html","","0103; 2026; 0116","2026-08-21T07:48:25.675Z"
47,"e_ZwLjBQVkZQDmZwZ3ZQNjZwR0AQxlZj==","wealifyjunior@yopmail.com","Order confirmation - Uber","Order confirmation - Uber","Wealify <no-reply@wealify.com>",4,"Đây là email sandbox WLF-15 gửi từ mailbox Wealify (SMTP config).  Người gửi gốc (CSV): noreply@uber.com Email id: EM-0102 Thời điểm CSV: 2026-04-27 13:31  Thanks  Giao dịch thẻ  CSV id: CD-0111 Wealify order_no: WLF15-CD-0111 Thẻ: VC01 Loại: purchase Merchant: UBER *EATS Số tiền: 5.61 USD (~5.61 USD) Trạng thái CSV: success Mô tả: Uber","html/mail_047_e_ZwLjBQVkZQDmZwZ3ZQNjZwR0AQxlZj.html","","0102; 2026; 0111","2026-08-21T07:48:26.388Z"
48,"e_ZwLjBQVkZQDmZwZ0ZQNjZwR0AQD1ZD==","wealifyjunior@yopmail.com","Order confirmation - Grab","Order confirmation - Grab","Wealify <no-reply@wealify.com>",4,"Đây là email sandbox WLF-15 gửi từ mailbox Wealify (SMTP config).  Người gửi gốc (CSV): noreply@grab.com Email id: EM-0101 Thời điểm CSV: 2026-04-09 14:09  Thanks  Giao dịch thẻ  CSV id: CD-0110 Wealify order_no: WLF15-CD-0110 Thẻ: VC01 Loại: purchase Merchant: GRAB* RIDE HCM Số tiền: 6.54 USD (~6.54 USD) Trạng thái CSV: success Mô tả: Grab","html/mail_048_e_ZwLjBQVkZQDmZwZ0ZQNjZwR0AQD1ZD.html","","0101; 2026; 0110","2026-08-21T07:48:27.100Z"
49,"e_ZwLjBQVkZQDmZwZlZQNjZwR0AQR0BD==","wealifyjunior@yopmail.com","Order confirmation - Apple","Order confirmation - Apple","Wealify <no-reply@wealify.com>",4,"Đây là email sandbox WLF-15 gửi từ mailbox Wealify (SMTP config).  Người gửi gốc (CSV): noreply@apple.com Email id: EM-0100 Thời điểm CSV: 2026-07-02 19:15  Thanks  Giao dịch thẻ  CSV id: CD-0109 Wealify order_no: WLF15-CD-0109 Thẻ: VC01 Loại: purchase Merchant: APPLE.COM/BILL Số tiền: 29.25 USD (~29.25 USD) Trạng thái CSV: success Mô tả: Apple","html/mail_049_e_ZwLjBQVkZQDmZwZlZQNjZwR0AQR0BD.html","","0100; 2026; 0109","2026-08-21T07:48:27.812Z"
50,"e_ZwLjBQVkZQDmZwZjZQNjZwR0ZmLkZD==","wealifyjunior@yopmail.com","Order confirmation - Grab","Order confirmation - Grab","Wealify <no-reply@wealify.com>",4,"Đây là email sandbox WLF-15 gửi từ mailbox Wealify (SMTP config).  Người gửi gốc (CSV): noreply@grab.com Email id: EM-0099 Thời điểm CSV: 2026-03-28 08:54  Thanks  Giao dịch thẻ  CSV id: CD-0108 Wealify order_no: WLF15-CD-0108 Thẻ: VC01 Loại: purchase Merchant: GRAB* RIDE HCM Số tiền: 17.29 USD (~17.29 USD) Trạng thái CSV: success Mô tả: Grab","html/mail_050_e_ZwLjBQVkZQDmZwZjZQNjZwR0ZmLkZD.html","","0099; 2026; 0108","2026-08-21T07:48:28.524Z"
51,"e_ZwLjBQVkZQDmZwV4ZQNjZwR0ZmRkBN==","wealifyjunior@yopmail.com","Order confirmation - Grab","Order confirmation - Grab","Wealify <no-reply@wealify.com>",4,"Đây là email sandbox WLF-15 gửi từ mailbox Wealify (SMTP config).  Người gửi gốc (CSV): noreply@grab.com Email id: EM-0098 Thời điểm CSV: 2026-03-23 17:12  Thanks  Giao dịch thẻ  CSV id: CD-0103 Wealify order_no: WLF15-CD-0103 Thẻ: VC02 Loại: purchase Merchant: GRAB* RIDE HCM Số tiền: 20.38 USD (~20.38 USD) Trạng thái CSV: success Mô tả: Grab","html/mail_051_e_ZwLjBQVkZQDmZwV4ZQNjZwR0ZmRkBN.html","","0098; 2026; 0103","2026-08-21T07:48:29.237Z"
52,"e_ZwLjBQVkZQDmZwV1ZQNjZwR0ZwLkAN==","wealifyjunior@yopmail.com","Order confirmation - Grab","Order confirmation - Grab","Wealify <no-reply@wealify.com>",4,"Đây là email sandbox WLF-15 gửi từ mailbox Wealify (SMTP config).  Người gửi gốc (CSV): noreply@grab.com Email id: EM-0097 Thời điểm CSV: 2026-06-04 22:42  Thanks  Giao dịch thẻ  CSV id: CD-0102 Wealify order_no: WLF15-CD-0102 Thẻ: VC03 Loại: purchase Merchant: GRAB* RIDE HCM Số tiền: 20.92 USD (~20.92 USD) Trạng thái CSV: success Mô tả: Grab","html/mail_052_e_ZwLjBQVkZQDmZwV1ZQNjZwR0ZwLkAN.html","","0097; 2026; 0102","2026-08-21T07:48:29.946Z"
53,"e_ZwLjBQVkZQDmZwVmZQNjZwR0ZwVlAD==","wealifyjunior@yopmail.com","Order confirmation - Namecheap","Order confirmation - Namecheap","Wealify <no-reply@wealify.com>",4,"Đây là email sandbox WLF-15 gửi từ mailbox Wealify (SMTP config).  Người gửi gốc (CSV): noreply@namecheap.com Email id: EM-0096 Thời điểm CSV: 2026-07-31 19:40  Thanks  Giao dịch thẻ  CSV id: CD-0100 Wealify order_no: WLF15-CD-0100 Thẻ: VC01 Loại: purchase Merchant: NAMECHEAP* DOMAIN Số tiền: 27.71 USD (~27.71 USD) Trạng thái CSV: success Mô tả: Namecheap","html/mail_053_e_ZwLjBQVkZQDmZwVmZQNjZwR0ZwVlAD.html","","0096; 2026; 0100","2026-08-21T07:48:30.661Z"
54,"e_ZwLjBQVkZQDmZwVkZQNjZwR0ZGx1BN==","wealifyjunior@yopmail.com","Order confirmation - Shopee","Order confirmation - Shopee","Wealify <no-reply@wealify.com>",4,"Đây là email sandbox WLF-15 gửi từ mailbox Wealify (SMTP config).  Người gửi gốc (CSV): noreply@shopee.com Email id: EM-0095 Thời điểm CSV: 2026-03-26 14:10  Thanks  Giao dịch thẻ  CSV id: CD-0099 Wealify order_no: WLF15-CD-0099 Thẻ: VC03 Loại: purchase Merchant: SHOPEE *ORDER Số tiền: 15.84 USD (~15.84 USD) Trạng thái CSV: success Mô tả: Shopee","html/mail_054_e_ZwLjBQVkZQDmZwVkZQNjZwR0ZGx1BN.html","","0095; 2026; 0099","2026-08-21T07:48:31.373Z"
55,"e_ZwLjBQVkZQDmZwR4ZQNjZwR0ZGH1ZD==","wealifyjunior@yopmail.com","Order confirmation - Amazon","Order confirmation - Amazon","Wealify <no-reply@wealify.com>",4,"Đây là email sandbox WLF-15 gửi từ mailbox Wealify (SMTP config).  Người gửi gốc (CSV): noreply@amazon.com Email id: EM-0094 Thời điểm CSV: 2026-06-25 15:17  Thanks  Giao dịch thẻ  CSV id: CD-0093 Wealify order_no: WLF15-CD-0093 Thẻ: VC01 Loại: purchase Merchant: AMZN Mktp US*2K9 Số tiền: 66.22 USD (~66.22 USD) Trạng thái CSV: success Mô tả: Amazon","html/mail_055_e_ZwLjBQVkZQDmZwR4ZQNjZwR0ZGH1ZD.html","","0094; 2026; 0093","2026-08-21T07:48:32.087Z"
56,"e_ZwLjBQVkZQDmZwR3ZQNjZwR0ZGVmZN==","wealifyjunior@yopmail.com","Order confirmation - Namecheap","Order confirmation - Namecheap","Wealify <no-reply@wealify.com>",4,"Đây là email sandbox WLF-15 gửi từ mailbox Wealify (SMTP config).  Người gửi gốc (CSV): noreply@namecheap.com Email id: EM-0093 Thời điểm CSV: 2026-08-14 07:24  Thanks  Giao dịch thẻ  CSV id: CD-0087 Wealify order_no: WLF15-CD-0087 Thẻ: VC01 Loại: purchase Merchant: NAMECHEAP* DOMAIN Số tiền: 56.85 USD (~56.85 USD) Trạng thái CSV: success Mô tả: Namecheap","html/mail_056_e_ZwLjBQVkZQDmZwR3ZQNjZwR0ZGVmZN.html","","0093; 2026; 0087","2026-08-21T07:48:32.799Z"
57,"e_ZwLjBQVkZQDmZwR1ZQNjZwR0ZGN1Zt==","wealifyjunior@yopmail.com","Order confirmation - Steam","Order confirmation - Steam","Wealify <no-reply@wealify.com>",4,"Đây là email sandbox WLF-15 gửi từ mailbox Wealify (SMTP config).  Người gửi gốc (CSV): noreply@steam.com Email id: EM-0092 Thời điểm CSV: 2026-06-15 00:50  Thanks  Giao dịch thẻ  CSV id: CD-0076 Wealify order_no: WLF15-CD-0076 Thẻ: VC03 Loại: purchase Merchant: STEAMGAMES.COM Số tiền: 31.33 USD (~31.33 USD) Trạng thái CSV: success Mô tả: Steam","html/mail_057_e_ZwLjBQVkZQDmZwR1ZQNjZwR0ZGN1Zt.html","","0092; 2026; 0076","2026-08-21T07:48:33.513Z"
58,"e_ZwLjBQVkZQDmZwRlZQNjZwR0ZQp4ZD==","wealifyjunior@yopmail.com","Order confirmation - Google Ads","Order confirmation - Google Ads","Wealify <no-reply@wealify.com>",4,"Đây là email sandbox WLF-15 gửi từ mailbox Wealify (SMTP config).  Người gửi gốc (CSV): noreply@google.com Email id: EM-0091 Thời điểm CSV: 2026-04-03 19:41  Thanks  Giao dịch thẻ  CSV id: CD-0075 Wealify order_no: WLF15-CD-0075 Thẻ: VC02 Loại: purchase Merchant: GOOGLE *ADS 8842 Số tiền: 104.79 USD (~104.79 USD) Trạng thái CSV: success Mô tả: Google Ads","html/mail_058_e_ZwLjBQVkZQDmZwRlZQNjZwR0ZQp4ZD.html","","0091; 2026; 0075; 8842","2026-08-21T07:48:34.225Z"
59,"e_ZwLjBQVkZQDmZwRjZQNjZwR0ZQHkBD==","wealifyjunior@yopmail.com","Order confirmation - Uber","Order confirmation - Uber","Wealify <no-reply@wealify.com>",4,"Đây là email sandbox WLF-15 gửi từ mailbox Wealify (SMTP config).  Người gửi gốc (CSV): noreply@uber.com Email id: EM-0090 Thời điểm CSV: 2026-04-04 06:54  Thanks  Giao dịch thẻ  CSV id: CD-0070 Wealify order_no: WLF15-CD-0070 Thẻ: VC01 Loại: purchase Merchant: UBER *EATS Số tiền: 30.2 USD (~30.2 USD) Trạng thái CSV: success Mô tả: Uber","html/mail_059_e_ZwLjBQVkZQDmZwRjZQNjZwR0ZQHkBD.html","","0090; 2026; 0070","2026-08-21T07:48:34.939Z"
60,"e_ZwLjBQVkZQDmZwN4ZQNjZwR0ZQV4BN==","wealifyjunior@yopmail.com","Order confirmation - Namecheap","Order confirmation - Namecheap","Wealify <no-reply@wealify.com>",4,"Đây là email sandbox WLF-15 gửi từ mailbox Wealify (SMTP config).  Người gửi gốc (CSV): noreply@namecheap.com Email id: EM-0089 Thời điểm CSV: 2026-04-03 17:07  Thanks  Giao dịch thẻ  CSV id: CD-0069 Wealify order_no: WLF15-CD-0069 Thẻ: VC01 Loại: purchase Merchant: NAMECHEAP* DOMAIN Số tiền: 53.2 USD (~53.2 USD) Trạng thái CSV: success Mô tả: Namecheap","html/mail_060_e_ZwLjBQVkZQDmZwN4ZQNjZwR0ZQV4BN.html","","0089; 2026; 0069","2026-08-21T07:48:35.651Z"
61,"e_ZwLjBQVkZQDmZwN2ZQNjZwR0ZQN0Zt==","wealifyjunior@yopmail.com","Your receipt from NORDVPN","Your receipt from NORDVPN","Wealify <no-reply@wealify.com>",5,"Đây là email sandbox WLF-15 gửi từ mailbox Wealify (SMTP config).  Người gửi gốc (CSV): receipts@nordvpn.com Email id: EM-0088 Thời điểm CSV: 2026-07-28 12:58  Amount 3.99  Giao dịch thẻ  CSV id: CD-0062 Wealify order_no: WLF15-CD-0062 Thẻ: VC01 Loại: purchase Merchant: NORDVPN *MONTHLY Số tiền: 3.99 USD (~3.99 USD) Trạng thái CSV: success Mô tả: Subscription NORDVPN *MONTHLY","html/mail_061_e_ZwLjBQVkZQDmZwN2ZQNjZwR0ZQN0Zt.html","","0088; 2026; 0062","2026-08-21T07:48:36.365Z"
62,"e_ZwLjBQVkZQDmZwNmZQNjZwRmBGpmBD==","wealifyjunior@yopmail.com","Your receipt from NORDVPN","Your receipt from NORDVPN","Wealify <no-reply@wealify.com>",5,"Đây là email sandbox WLF-15 gửi từ mailbox Wealify (SMTP config).  Người gửi gốc (CSV): receipts@nordvpn.com Email id: EM-0087 Thời điểm CSV: 2026-06-28 16:41  Amount 3.99  Giao dịch thẻ  CSV id: CD-0061 Wealify order_no: WLF15-CD-0061 Thẻ: VC01 Loại: purchase Merchant: NORDVPN *MONTHLY Số tiền: 3.99 USD (~3.99 USD) Trạng thái CSV: success Mô tả: Subscription NORDVPN *MONTHLY","html/mail_062_e_ZwLjBQVkZQDmZwNmZQNjZwRmBGpmBD.html","","0087; 2026; 0061","2026-08-21T07:48:37.077Z"
63,"e_ZwLjBQVkZQDmZwNkZQNjZwRmBGZ3BD==","wealifyjunior@yopmail.com","Your receipt from NORDVPN","Your receipt from NORDVPN","Wealify <no-reply@wealify.com>",5,"Đây là email sandbox WLF-15 gửi từ mailbox Wealify (SMTP config).  Người gửi gốc (CSV): receipts@nordvpn.com Email id: EM-0086 Thời điểm CSV: 2026-05-28 17:45  Amount 3.99  Giao dịch thẻ  CSV id: CD-0060 Wealify order_no: WLF15-CD-0060 Thẻ: VC01 Loại: purchase Merchant: NORDVPN *MONTHLY Số tiền: 3.99 USD (~3.99 USD) Trạng thái CSV: success Mô tả: Subscription NORDVPN *MONTHLY","html/mail_063_e_ZwLjBQVkZQDmZwNkZQNjZwRmBGZ3BD.html","","0086; 2026; 0060","2026-08-21T07:48:37.790Z"
64,"e_ZwLjBQVkZQDmZwNjZQNjZwRmBGVlAD==","wealifyjunior@yopmail.com","Your receipt from NORDVPN","Your receipt from NORDVPN","Wealify <no-reply@wealify.com>",5,"Đây là email sandbox WLF-15 gửi từ mailbox Wealify (SMTP config).  Người gửi gốc (CSV): receipts@nordvpn.com Email id: EM-0085 Thời điểm CSV: 2026-04-28 17:35  Amount 3.99  Giao dịch thẻ  CSV id: CD-0059 Wealify order_no: WLF15-CD-0059 Thẻ: VC01 Loại: purchase Merchant: NORDVPN *MONTHLY Số tiền: 3.99 USD (~3.99 USD) Trạng thái CSV: success Mô tả: Subscription NORDVPN *MONTHLY","html/mail_064_e_ZwLjBQVkZQDmZwNjZQNjZwRmBGVlAD.html","","0085; 2026; 0059","2026-08-21T07:48:38.504Z"
65,"e_ZwLjBQVkZQDmZGH5ZQNjZwRmBGRkAt==","wealifyjunior@yopmail.com","Your receipt from NORDVPN","Your receipt from NORDVPN","Wealify <no-reply@wealify.com>",5,"Đây là email sandbox WLF-15 gửi từ mailbox Wealify (SMTP config).  Người gửi gốc (CSV): receipts@nordvpn.com Email id: EM-0084 Thời điểm CSV: 2026-03-28 18:58  Amount 3.99  Giao dịch thẻ  CSV id: CD-0058 Wealify order_no: WLF15-CD-0058 Thẻ: VC01 Loại: purchase Merchant: NORDVPN *MONTHLY Số tiền: 3.99 USD (~3.99 USD) Trạng thái CSV: success Mô tả: Subscription NORDVPN *MONTHLY","html/mail_065_e_ZwLjBQVkZQDmZGH5ZQNjZwRmBGRkAt.html","","0084; 2026; 0058","2026-08-21T07:48:39.218Z"
66,"e_ZwLjBQVkZQDmZGH1ZQNjZwRmBQH2ZD==","wealifyjunior@yopmail.com","Your receipt from NORDVPN","Your receipt from NORDVPN","Wealify <no-reply@wealify.com>",5,"Đây là email sandbox WLF-15 gửi từ mailbox Wealify (SMTP config).  Người gửi gốc (CSV): receipts@nordvpn.com Email id: EM-0083 Thời điểm CSV: 2026-02-28 15:26  Amount 3.99  Giao dịch thẻ  CSV id: CD-0057 Wealify order_no: WLF15-CD-0057 Thẻ: VC01 Loại: purchase Merchant: NORDVPN *MONTHLY Số tiền: 3.99 USD (~3.99 USD) Trạng thái CSV: success Mô tả: Subscription NORDVPN *MONTHLY","html/mail_066_e_ZwLjBQVkZQDmZGH1ZQNjZwRmBQH2ZD.html","","0083; 2026; 0057","2026-08-21T07:48:39.931Z"
67,"e_ZwLjBQVkZQDmZGH1ZQNjZwRmBQHmAt==","wealifyjunior@yopmail.com","Your receipt from CLOUDWAYS HOSTING","Your receipt from CLOUDWAYS HOSTING","Wealify <no-reply@wealify.com>",5,"Đây là email sandbox WLF-15 gửi từ mailbox Wealify (SMTP config).  Người gửi gốc (CSV): receipts@cloudways.com Email id: EM-0082 Thời điểm CSV: 2026-07-27 17:53  Amount 16.00  Giao dịch thẻ  CSV id: CD-0056 Wealify order_no: WLF15-CD-0056 Thẻ: VC02 Loại: purchase Merchant: CLOUDWAYS HOSTING Số tiền: 16.0 USD (~16.0 USD) Trạng thái CSV: success Mô tả: Subscription CLOUDWAYS HOSTING","html/mail_067_e_ZwLjBQVkZQDmZGH1ZQNjZwRmBQHmAt.html","","0082; 2026; 0056","2026-08-21T07:48:40.641Z"
68,"e_ZwLjBQVkZQDmZGHjZQNjZwRmAmx2At==","wealifyjunior@yopmail.com","Your receipt from CLOUDWAYS HOSTING","Your receipt from CLOUDWAYS HOSTING","Wealify <no-reply@wealify.com>",5,"Đây là email sandbox WLF-15 gửi từ mailbox Wealify (SMTP config).  Người gửi gốc (CSV): receipts@cloudways.com Email id: EM-0081 Thời điểm CSV: 2026-06-27 10:43  Amount 16.00  Giao dịch thẻ  CSV id: CD-0055 Wealify order_no: WLF15-CD-0055 Thẻ: VC02 Loại: purchase Merchant: CLOUDWAYS HOSTING Số tiền: 16.0 USD (~16.0 USD) Trạng thái CSV: success Mô tả: Subscription CLOUDWAYS HOSTING","html/mail_068_e_ZwLjBQVkZQDmZGHjZQNjZwRmAmx2At.html","","0081; 2026; 0055","2026-08-21T07:48:41.350Z"
69,"e_ZwLjBQVkZQDmZGD4ZQNjZwRmAmL1AN==","wealifyjunior@yopmail.com","Your receipt from CLOUDWAYS HOSTING","Your receipt from CLOUDWAYS HOSTING","Wealify <no-reply@wealify.com>",5,"Đây là email sandbox WLF-15 gửi từ mailbox Wealify (SMTP config).  Người gửi gốc (CSV): receipts@cloudways.com Email id: EM-0080 Thời điểm CSV: 2026-05-27 16:32  Amount 16.00  Giao dịch thẻ  CSV id: CD-0054 Wealify order_no: WLF15-CD-0054 Thẻ: VC02 Loại: purchase Merchant: CLOUDWAYS HOSTING Số tiền: 16.0 USD (~16.0 USD) Trạng thái CSV: success Mô tả: Subscription CLOUDWAYS HOSTING","html/mail_069_e_ZwLjBQVkZQDmZGD4ZQNjZwRmAmL1AN.html","","0080; 2026; 0054","2026-08-21T07:48:42.062Z"
70,"e_ZwLjBQVkZQDmZGD1ZQNjZwRmAmV2AN==","wealifyjunior@yopmail.com","Your receipt from CLOUDWAYS HOSTING","Your receipt from CLOUDWAYS HOSTING","Wealify <no-reply@wealify.com>",5,"Đây là email sandbox WLF-15 gửi từ mailbox Wealify (SMTP config).  Người gửi gốc (CSV): receipts@cloudways.com Email id: EM-0077 Thời điểm CSV: 2026-02-27 18:30  Amount 16.00  Giao dịch thẻ  CSV id: CD-0051 Wealify order_no: WLF15-CD-0051 Thẻ: VC02 Loại: purchase Merchant: CLOUDWAYS HOSTING Số tiền: 16.0 USD (~16.0 USD) Trạng thái CSV: success Mô tả: Subscription CLOUDWAYS HOSTING","html/mail_070_e_ZwLjBQVkZQDmZGD1ZQNjZwRmAmV2AN.html","","0077; 2026; 0051","2026-08-21T07:48:42.776Z"
71,"e_ZwLjBQVkZQDmZGD0ZQNjZwRmAmR3Zt==","wealifyjunior@yopmail.com","Your receipt from CLOUDWAYS HOSTING","Your receipt from CLOUDWAYS HOSTING","Wealify <no-reply@wealify.com>",5,"Đây là email sandbox WLF-15 gửi từ mailbox Wealify (SMTP config).  Người gửi gốc (CSV): receipts@cloudways.com Email id: EM-0079 Thời điểm CSV: 2026-04-27 17:36  Amount 16.00  Giao dịch thẻ  CSV id: CD-0053 Wealify order_no: WLF15-CD-0053 Thẻ: VC02 Loại: purchase Merchant: CLOUDWAYS HOSTING Số tiền: 16.0 USD (~16.0 USD) Trạng thái CSV: success Mô tả: Subscription CLOUDWAYS HOSTING","html/mail_071_e_ZwLjBQVkZQDmZGD0ZQNjZwRmAmR3Zt.html","","0079; 2026; 0053","2026-08-21T07:48:43.488Z"
72,"e_ZwLjBQVkZQDmZGDlZQNjZwRmAwx2Zt==","wealifyjunior@yopmail.com","Your receipt from CLOUDWAYS HOSTING","Your receipt from CLOUDWAYS HOSTING","Wealify <no-reply@wealify.com>",5,"Đây là email sandbox WLF-15 gửi từ mailbox Wealify (SMTP config).  Người gửi gốc (CSV): receipts@cloudways.com Email id: EM-0078 Thời điểm CSV: 2026-03-27 13:41  Amount 16.00  Giao dịch thẻ  CSV id: CD-0052 Wealify order_no: WLF15-CD-0052 Thẻ: VC02 Loại: purchase Merchant: CLOUDWAYS HOSTING Số tiền: 16.0 USD (~16.0 USD) Trạng thái CSV: success Mô tả: Subscription CLOUDWAYS HOSTING","html/mail_072_e_ZwLjBQVkZQDmZGDlZQNjZwRmAwx2Zt.html","","0078; 2026; 0052","2026-08-21T07:48:44.201Z"
73,"e_ZwLjBQVkZQDmZGDkZQNjZwRmAwt3BN==","wealifyjunior@yopmail.com","Your receipt from FIGMA.COM","Your receipt from FIGMA.COM","Wealify <no-reply@wealify.com>",5,"Đây là email sandbox WLF-15 gửi từ mailbox Wealify (SMTP config).  Người gửi gốc (CSV): receipts@figma.com Email id: EM-0076 Thời điểm CSV: 2026-07-24 10:48  Amount 15.00  Giao dịch thẻ  CSV id: CD-0050 Wealify order_no: WLF15-CD-0050 Thẻ: VC03 Loại: purchase Merchant: FIGMA.COM Số tiền: 15.0 USD (~15.0 USD) Trạng thái CSV: success Mô tả: Subscription FIGMA.COM","html/mail_073_e_ZwLjBQVkZQDmZGDkZQNjZwRmAwt3BN.html","","0076; 2026; 0050","2026-08-21T07:48:44.912Z"
74,"e_ZwLjBQVkZQDmZGZ4ZQNjZwRmAwH0AD==","wealifyjunior@yopmail.com","Your receipt from FIGMA.COM","Your receipt from FIGMA.COM","Wealify <no-reply@wealify.com>",5,"Đây là email sandbox WLF-15 gửi từ mailbox Wealify (SMTP config).  Người gửi gốc (CSV): receipts@figma.com Email id: EM-0075 Thời điểm CSV: 2026-06-24 10:49  Amount 15.00  Giao dịch thẻ  CSV id: CD-0049 Wealify order_no: WLF15-CD-0049 Thẻ: VC03 Loại: purchase Merchant: FIGMA.COM Số tiền: 15.0 USD (~15.0 USD) Trạng thái CSV: success Mô tả: Subscription FIGMA.COM","html/mail_074_e_ZwLjBQVkZQDmZGZ4ZQNjZwRmAwH0AD.html","","0075; 2026; 0049","2026-08-21T07:48:45.622Z"
75,"e_ZwLjBQVkZQDmZGZ2ZQNjZwRmAwN2ZD==","wealifyjunior@yopmail.com","Your receipt from FIGMA.COM","Your receipt from FIGMA.COM","Wealify <no-reply@wealify.com>",5,"Đây là email sandbox WLF-15 gửi từ mailbox Wealify (SMTP config).  Người gửi gốc (CSV): receipts@figma.com Email id: EM-0073 Thời điểm CSV: 2026-04-24 15:21  Amount 15.00  Giao dịch thẻ  CSV id: CD-0047 Wealify order_no: WLF15-CD-0047 Thẻ: VC03 Loại: purchase Merchant: FIGMA.COM Số tiền: 15.0 USD (~15.0 USD) Trạng thái CSV: success Mô tả: Subscription FIGMA.COM","html/mail_075_e_ZwLjBQVkZQDmZGZ2ZQNjZwRmAwN2ZD.html","","0073; 2026; 0047","2026-08-21T07:48:46.330Z"
76,"e_ZwLjBQVkZQDmZGZmZQNjZwRmAGD0Aj==","wealifyjunior@yopmail.com","Your receipt from FIGMA.COM","Your receipt from FIGMA.COM","Wealify <no-reply@wealify.com>",6,"Đây là email sandbox WLF-15 gửi từ mailbox Wealify (SMTP config).  Người gửi gốc (CSV): receipts@figma.com Email id: EM-0074 Thời điểm CSV: 2026-05-24 21:06  Amount 15.00  Giao dịch thẻ  CSV id: CD-0048 Wealify order_no: WLF15-CD-0048 Thẻ: VC03 Loại: purchase Merchant: FIGMA.COM Số tiền: 15.0 USD (~15.0 USD) Trạng thái CSV: success Mô tả: Subscription FIGMA.COM","html/mail_076_e_ZwLjBQVkZQDmZGZmZQNjZwRmAGD0Aj.html","","0074; 2026; 0048","2026-08-21T07:48:47.046Z"
77,"e_ZwLjBQVkZQDmZGV5ZQNjZwRmAQH4BN==","wealifyjunior@yopmail.com","Your receipt from FIGMA.COM","Your receipt from FIGMA.COM","Wealify <no-reply@wealify.com>",6,"Đây là email sandbox WLF-15 gửi từ mailbox Wealify (SMTP config).  Người gửi gốc (CSV): receipts@figma.com Email id: EM-0071 Thời điểm CSV: 2026-02-24 12:36  Amount 15.00  Giao dịch thẻ  CSV id: CD-0045 Wealify order_no: WLF15-CD-0045 Thẻ: VC03 Loại: purchase Merchant: FIGMA.COM Số tiền: 15.0 USD (~15.0 USD) Trạng thái CSV: success Mô tả: Subscription FIGMA.COM","html/mail_077_e_ZwLjBQVkZQDmZGV5ZQNjZwRmAQH4BN.html","","0071; 2026; 0045","2026-08-21T07:48:47.759Z"
78,"e_ZwLjBQVkZQDmZGV5ZQNjZwRmAQH3AN==","wealifyjunior@yopmail.com","Your receipt from FIGMA.COM","Your receipt from FIGMA.COM","Wealify <no-reply@wealify.com>",6,"Đây là email sandbox WLF-15 gửi từ mailbox Wealify (SMTP config).  Người gửi gốc (CSV): receipts@figma.com Email id: EM-0071 Thời điểm CSV: 2026-02-24 12:36  Amount 15.00  Giao dịch thẻ  CSV id: CD-0045 Wealify order_no: WLF15-CD-0045 Thẻ: VC03 Loại: purchase Merchant: FIGMA.COM Số tiền: 15.0 USD (~15.0 USD) Trạng thái CSV: success Mô tả: Subscription FIGMA.COM","html/mail_078_e_ZwLjBQVkZQDmZGV5ZQNjZwRmAQH3AN.html","","0071; 2026; 0045","2026-08-21T07:48:48.472Z"
79,"e_ZwLjBQVkZQDmZGV5ZQNjZwRmAQD3Zj==","wealifyjunior@yopmail.com","Your receipt from FIGMA.COM","Your receipt from FIGMA.COM","Wealify <no-reply@wealify.com>",6,"Đây là email sandbox WLF-15 gửi từ mailbox Wealify (SMTP config).  Người gửi gốc (CSV): receipts@figma.com Email id: EM-0072 Thời điểm CSV: 2026-03-24 14:30  Amount 15.00  Giao dịch thẻ  CSV id: CD-0046 Wealify order_no: WLF15-CD-0046 Thẻ: VC03 Loại: purchase Merchant: FIGMA.COM Số tiền: 15.0 USD (~15.0 USD) Trạng thái CSV: success Mô tả: Subscription FIGMA.COM","html/mail_079_e_ZwLjBQVkZQDmZGV5ZQNjZwRmAQD3Zj.html","","0072; 2026; 0046","2026-08-21T07:48:49.183Z"
80,"e_ZwLjBQVkZQDmZGV3ZQNjZwRmAQR5AN==","wealifyjunior@yopmail.com","Your receipt from CANVA","Your receipt from CANVA","Wealify <no-reply@wealify.com>",6,"Đây là email sandbox WLF-15 gửi từ mailbox Wealify (SMTP config).  Người gửi gốc (CSV): receipts@canva.com Email id: EM-0069 Thời điểm CSV: 2026-06-21 13:57  Amount 12.99  Giao dịch thẻ  CSV id: CD-0043 Wealify order_no: WLF15-CD-0043 Thẻ: VC01 Loại: purchase Merchant: CANVA* PRO MONTHLY Số tiền: 12.99 USD (~12.99 USD) Trạng thái CSV: success Mô tả: Subscription CANVA* PRO MONTHLY","html/mail_080_e_ZwLjBQVkZQDmZGV3ZQNjZwRmAQR5AN.html","","0069; 2026; 0043","2026-08-21T07:48:49.896Z"
81,"e_ZwLjBQVkZQDmZGVmZQNjZwRmZmV3ZD==","wealifyjunior@yopmail.com","Your receipt from CANVA","Your receipt from CANVA","Wealify <no-reply@wealify.com>",6,"Đây là email sandbox WLF-15 gửi từ mailbox Wealify (SMTP config).  Người gửi gốc (CSV): receipts@canva.com Email id: EM-0068 Thời điểm CSV: 2026-05-21 08:42  Amount 12.99  Giao dịch thẻ  CSV id: CD-0042 Wealify order_no: WLF15-CD-0042 Thẻ: VC01 Loại: purchase Merchant: CANVA* PRO MONTHLY Số tiền: 12.99 USD (~12.99 USD) Trạng thái CSV: success Mô tả: Subscription CANVA* PRO MONTHLY","html/mail_081_e_ZwLjBQVkZQDmZGVmZQNjZwRmZmV3ZD.html","","0068; 2026; 0042","2026-08-21T07:48:50.609Z"
82,"e_ZwLjBQVkZQDmZGR4ZQNjZwRmZwD1Zt==","wealifyjunior@yopmail.com","Your receipt from CANVA","Your receipt from CANVA","Wealify <no-reply@wealify.com>",6,"Đây là email sandbox WLF-15 gửi từ mailbox Wealify (SMTP config).  Người gửi gốc (CSV): receipts@canva.com Email id: EM-0067 Thời điểm CSV: 2026-04-21 20:47  Amount 12.99  Giao dịch thẻ  CSV id: CD-0041 Wealify order_no: WLF15-CD-0041 Thẻ: VC01 Loại: purchase Merchant: CANVA* PRO MONTHLY Số tiền: 12.99 USD (~12.99 USD) Trạng thái CSV: success Mô tả: Subscription CANVA* PRO MONTHLY","html/mail_082_e_ZwLjBQVkZQDmZGR4ZQNjZwRmZwD1Zt.html","","0067; 2026; 0041","2026-08-21T07:48:51.319Z"
83,"e_ZwLjBQVkZQDmZGR1ZQNjZwRmZGxjZt==","wealifyjunior@yopmail.com","Your receipt from CANVA","Your receipt from CANVA","Wealify <no-reply@wealify.com>",6,"Đây là email sandbox WLF-15 gửi từ mailbox Wealify (SMTP config).  Người gửi gốc (CSV): receipts@canva.com Email id: EM-0066 Thời điểm CSV: 2026-03-21 14:04  Amount 12.99  Giao dịch thẻ  CSV id: CD-0040 Wealify order_no: WLF15-CD-0040 Thẻ: VC01 Loại: purchase Merchant: CANVA* PRO MONTHLY Số tiền: 12.99 USD (~12.99 USD) Trạng thái CSV: success Mô tả: Subscription CANVA* PRO MONTHLY","html/mail_083_e_ZwLjBQVkZQDmZGR1ZQNjZwRmZGxjZt.html","","0066; 2026; 0040","2026-08-21T07:48:52.030Z"
84,"e_ZwLjBQVkZQDmZGR0ZQNjZwRmZGp2Zj==","wealifyjunior@yopmail.com","Your receipt from CANVA","Your receipt from CANVA","Wealify <no-reply@wealify.com>",6,"Đây là email sandbox WLF-15 gửi từ mailbox Wealify (SMTP config).  Người gửi gốc (CSV): receipts@canva.com Email id: EM-0065 Thời điểm CSV: 2026-02-21 11:31  Amount 12.99  Giao dịch thẻ  CSV id: CD-0039 Wealify order_no: WLF15-CD-0039 Thẻ: VC01 Loại: purchase Merchant: CANVA* PRO MONTHLY Số tiền: 12.99 USD (~12.99 USD) Trạng thái CSV: success Mô tả: Subscription CANVA* PRO MONTHLY","html/mail_084_e_ZwLjBQVkZQDmZGR0ZQNjZwRmZGp2Zj.html","","0065; 2026; 0039","2026-08-21T07:48:52.744Z"
85,"e_ZwLjBQVkZQDmZGRkZQNjZwRmZGN1AN==","wealifyjunior@yopmail.com","Your receipt from PADDLE.NET","Your receipt from PADDLE.NET","Wealify <no-reply@wealify.com>",6,"Đây là email sandbox WLF-15 gửi từ mailbox Wealify (SMTP config).  Người gửi gốc (CSV): receipts@paddle.com Email id: EM-0064 Thời điểm CSV: 2026-08-18 19:43  Amount 10.00  Giao dịch thẻ  CSV id: CD-0038 Wealify order_no: WLF15-CD-0038 Thẻ: VC01 Loại: purchase Merchant: PADDLE.NET* NOTION Số tiền: 10.0 USD (~10.0 USD) Trạng thái CSV: success Mô tả: Subscription PADDLE.NET* NOTION","html/mail_085_e_ZwLjBQVkZQDmZGRkZQNjZwRmZGN1AN.html","","0064; 2026; 0038","2026-08-21T07:48:53.457Z"
86,"e_ZwLjBQVkZQDmZGN4ZQNjZwRmZQH1Zt==","wealifyjunior@yopmail.com","Your receipt from PADDLE.NET","Your receipt from PADDLE.NET","Wealify <no-reply@wealify.com>",6,"Đây là email sandbox WLF-15 gửi từ mailbox Wealify (SMTP config).  Người gửi gốc (CSV): receipts@paddle.com Email id: EM-0063 Thời điểm CSV: 2026-07-18 11:27  Amount 10.00  Giao dịch thẻ  CSV id: CD-0037 Wealify order_no: WLF15-CD-0037 Thẻ: VC01 Loại: purchase Merchant: PADDLE.NET* NOTION Số tiền: 10.0 USD (~10.0 USD) Trạng thái CSV: success Mô tả: Subscription PADDLE.NET* NOTION","html/mail_086_e_ZwLjBQVkZQDmZGN4ZQNjZwRmZQH1Zt.html","","0063; 2026; 0037","2026-08-21T07:48:54.170Z"
87,"e_ZwLjBQVkZQDmZGN2ZQNjZwRlBGxkBN==","wealifyjunior@yopmail.com","Your receipt from PADDLE.NET","Your receipt from PADDLE.NET","Wealify <no-reply@wealify.com>",6,"Đây là email sandbox WLF-15 gửi từ mailbox Wealify (SMTP config).  Người gửi gốc (CSV): receipts@paddle.com Email id: EM-0062 Thời điểm CSV: 2026-06-18 11:33  Amount 10.00  Giao dịch thẻ  CSV id: CD-0036 Wealify order_no: WLF15-CD-0036 Thẻ: VC01 Loại: purchase Merchant: PADDLE.NET* NOTION Số tiền: 10.0 USD (~10.0 USD) Trạng thái CSV: success Mô tả: Subscription PADDLE.NET* NOTION","html/mail_087_e_ZwLjBQVkZQDmZGN2ZQNjZwRlBGxkBN.html","","0062; 2026; 0036","2026-08-21T07:48:54.883Z"
88,"e_ZwLjBQVkZQDmZGN0ZQNjZwRlBGH1Aj==","wealifyjunior@yopmail.com","Your receipt from PADDLE.NET","Your receipt from PADDLE.NET","Wealify <no-reply@wealify.com>",6,"Đây là email sandbox WLF-15 gửi từ mailbox Wealify (SMTP config).  Người gửi gốc (CSV): receipts@paddle.com Email id: EM-0061 Thời điểm CSV: 2026-05-18 13:24  Amount 10.00  Giao dịch thẻ  CSV id: CD-0035 Wealify order_no: WLF15-CD-0035 Thẻ: VC01 Loại: purchase Merchant: PADDLE.NET* NOTION Số tiền: 10.0 USD (~10.0 USD) Trạng thái CSV: success Mô tả: Subscription PADDLE.NET* NOTION","html/mail_088_e_ZwLjBQVkZQDmZGN0ZQNjZwRlBGH1Aj.html","","0061; 2026; 0035","2026-08-21T07:48:55.593Z"
89,"e_ZwLjBQVkZQDmZGNlZQNjZwRlBQx0Aj==","wealifyjunior@yopmail.com","Your receipt from PADDLE.NET","Your receipt from PADDLE.NET","Wealify <no-reply@wealify.com>",6,"Đây là email sandbox WLF-15 gửi từ mailbox Wealify (SMTP config).  Người gửi gốc (CSV): receipts@paddle.com Email id: EM-0060 Thời điểm CSV: 2026-04-18 13:25  Amount 10.00  Giao dịch thẻ  CSV id: CD-0034 Wealify order_no: WLF15-CD-0034 Thẻ: VC01 Loại: purchase Merchant: PADDLE.NET* NOTION Số tiền: 10.0 USD (~10.0 USD) Trạng thái CSV: success Mô tả: Subscription PADDLE.NET* NOTION","html/mail_089_e_ZwLjBQVkZQDmZGNlZQNjZwRlBQx0Aj.html","","0060; 2026; 0034","2026-08-21T07:48:56.305Z"
90,"e_ZwLjBQVkZQDmZGNjZQNjZwRlBQD0ZN==","wealifyjunior@yopmail.com","Your receipt from PADDLE.NET","Your receipt from PADDLE.NET","Wealify <no-reply@wealify.com>",6,"Đây là email sandbox WLF-15 gửi từ mailbox Wealify (SMTP config).  Người gửi gốc (CSV): receipts@paddle.com Email id: EM-0060 Thời điểm CSV: 2026-04-18 13:25  Amount 10.00  Giao dịch thẻ  CSV id: CD-0034 Wealify order_no: WLF15-CD-0034 Thẻ: VC01 Loại: purchase Merchant: PADDLE.NET* NOTION Số tiền: 10.0 USD (~10.0 USD) Trạng thái CSV: success Mô tả: Subscription PADDLE.NET* NOTION","html/mail_090_e_ZwLjBQVkZQDmZGNjZQNjZwRlBQD0ZN.html","","0060; 2026; 0034","2026-08-21T07:48:57.019Z"
91,"e_ZwLjBQVkZQDmZQH3ZQNjZwRlAmtlZD==","wealifyjunior@yopmail.com","Your receipt from PADDLE.NET","Your receipt from PADDLE.NET","Wealify <no-reply@wealify.com>",7,"Đây là email sandbox WLF-15 gửi từ mailbox Wealify (SMTP config).  Người gửi gốc (CSV): receipts@paddle.com Email id: EM-0058 Thời điểm CSV: 2026-02-18 17:08  Amount 10.00  Giao dịch thẻ  CSV id: CD-0032 Wealify order_no: WLF15-CD-0032 Thẻ: VC01 Loại: purchase Merchant: PADDLE.NET* NOTION Số tiền: 10.0 USD (~10.0 USD) Trạng thái CSV: success Mô tả: Subscription PADDLE.NET* NOTION","html/mail_091_e_ZwLjBQVkZQDmZQH3ZQNjZwRlAmtlZD.html","","0058; 2026; 0032","2026-08-21T07:48:57.733Z"
92,"e_ZwLjBQVkZQDmZQH0ZQNjZwRlAmVkBN==","wealifyjunior@yopmail.com","Your receipt from ADOBE","Your receipt from ADOBE","Wealify <no-reply@wealify.com>",7,"Đây là email sandbox WLF-15 gửi từ mailbox Wealify (SMTP config).  Người gửi gốc (CSV): receipts@adobe.com Email id: EM-0057 Thời điểm CSV: 2026-08-15 21:22  Amount 54.99  Giao dịch thẻ  CSV id: CD-0031 Wealify order_no: WLF15-CD-0031 Thẻ: VC03 Loại: purchase Merchant: ADOBE *CREATIVE CLD Số tiền: 54.99 USD (~54.99 USD) Trạng thái CSV: success Mô tả: Subscription ADOBE *CREATIVE CLD","html/mail_092_e_ZwLjBQVkZQDmZQH0ZQNjZwRlAmVkBN.html","","0057; 2026; 0031","2026-08-21T07:48:58.443Z"
93,"e_ZwLjBQVkZQDmZQHjZQNjZwRlAwDkZN==","wealifyjunior@yopmail.com","Your receipt from ADOBE","Your receipt from ADOBE","Wealify <no-reply@wealify.com>",7,"Đây là email sandbox WLF-15 gửi từ mailbox Wealify (SMTP config).  Người gửi gốc (CSV): receipts@adobe.com Email id: EM-0056 Thời điểm CSV: 2026-07-15 11:24  Amount 54.99  Giao dịch thẻ  CSV id: CD-0030 Wealify order_no: WLF15-CD-0030 Thẻ: VC03 Loại: purchase Merchant: ADOBE *CREATIVE CLD Số tiền: 54.99 USD (~54.99 USD) Trạng thái CSV: success Mô tả: Subscription ADOBE *CREATIVE CLD","html/mail_093_e_ZwLjBQVkZQDmZQHjZQNjZwRlAwDkZN.html","","0056; 2026; 0030","2026-08-21T07:48:59.158Z"
94,"e_ZwLjBQVkZQDmZQD4ZQNjZwRlAGt4BN==","wealifyjunior@yopmail.com","Your receipt from ADOBE","Your receipt from ADOBE","Wealify <no-reply@wealify.com>",7,"Đây là email sandbox WLF-15 gửi từ mailbox Wealify (SMTP config).  Người gửi gốc (CSV): receipts@adobe.com Email id: EM-0055 Thời điểm CSV: 2026-06-15 16:29  Amount 54.99  Giao dịch thẻ  CSV id: CD-0029 Wealify order_no: WLF15-CD-0029 Thẻ: VC03 Loại: purchase Merchant: ADOBE *CREATIVE CLD Số tiền: 54.99 USD (~54.99 USD) Trạng thái CSV: success Mô tả: Subscription ADOBE *CREATIVE CLD","html/mail_094_e_ZwLjBQVkZQDmZQD4ZQNjZwRlAGt4BN.html","","0055; 2026; 0029","2026-08-21T07:48:59.873Z"
95,"e_ZwLjBQVkZQDmZQD2ZQNjZwRlAGV5Aj==","wealifyjunior@yopmail.com","Your receipt from ADOBE","Your receipt from ADOBE","Wealify <no-reply@wealify.com>",7,"Đây là email sandbox WLF-15 gửi từ mailbox Wealify (SMTP config).  Người gửi gốc (CSV): receipts@adobe.com Email id: EM-0054 Thời điểm CSV: 2026-05-15 19:12  Amount 54.99  Giao dịch thẻ  CSV id: CD-0028 Wealify order_no: WLF15-CD-0028 Thẻ: VC03 Loại: purchase Merchant: ADOBE *CREATIVE CLD Số tiền: 54.99 USD (~54.99 USD) Trạng thái CSV: success Mô tả: Subscription ADOBE *CREATIVE CLD","html/mail_095_e_ZwLjBQVkZQDmZQD2ZQNjZwRlAGV5Aj.html","","0054; 2026; 0028","2026-08-21T07:49:00.587Z"
96,"e_ZwLjBQVkZQDmZQD0ZQNjZwRlAQxjAD==","wealifyjunior@yopmail.com","Your receipt from ADOBE","Your receipt from ADOBE","Wealify <no-reply@wealify.com>",7,"Đây là email sandbox WLF-15 gửi từ mailbox Wealify (SMTP config).  Người gửi gốc (CSV): receipts@adobe.com Email id: EM-0053 Thời điểm CSV: 2026-04-15 08:49  Amount 54.99  Giao dịch thẻ  CSV id: CD-0027 Wealify order_no: WLF15-CD-0027 Thẻ: VC03 Loại: purchase Merchant: ADOBE *CREATIVE CLD Số tiền: 54.99 USD (~54.99 USD) Trạng thái CSV: success Mô tả: Subscription ADOBE *CREATIVE CLD","html/mail_096_e_ZwLjBQVkZQDmZQD0ZQNjZwRlAQxjAD.html","","0053; 2026; 0027","2026-08-21T07:49:01.300Z"
97,"e_ZwLjBQVkZQDmZQD0ZQNjZwRlAQt3AD==","wealifyjunior@yopmail.com","Your receipt from ADOBE","Your receipt from ADOBE","Wealify <no-reply@wealify.com>",7,"Đây là email sandbox WLF-15 gửi từ mailbox Wealify (SMTP config).  Người gửi gốc (CSV): receipts@adobe.com Email id: EM-0052 Thời điểm CSV: 2026-03-15 13:09  Amount 54.99  Giao dịch thẻ  CSV id: CD-0026 Wealify order_no: WLF15-CD-0026 Thẻ: VC03 Loại: purchase Merchant: ADOBE *CREATIVE CLD Số tiền: 54.99 USD (~54.99 USD) Trạng thái CSV: success Mô tả: Subscription ADOBE *CREATIVE CLD","html/mail_097_e_ZwLjBQVkZQDmZQD0ZQNjZwRlAQt3AD.html","","0052; 2026; 0026","2026-08-21T07:49:02.012Z"
98,"e_ZwLjBQVkZQDmZQDkZQNjZwRlAQRlZj==","wealifyjunior@yopmail.com","Your receipt from ADOBE","Your receipt from ADOBE","Wealify <no-reply@wealify.com>",7,"Đây là email sandbox WLF-15 gửi từ mailbox Wealify (SMTP config).  Người gửi gốc (CSV): receipts@adobe.com Email id: EM-0051 Thời điểm CSV: 2026-02-15 16:24  Amount 54.99  Giao dịch thẻ  CSV id: CD-0025 Wealify order_no: WLF15-CD-0025 Thẻ: VC03 Loại: purchase Merchant: ADOBE *CREATIVE CLD Số tiền: 54.99 USD (~54.99 USD) Trạng thái CSV: success Mô tả: Subscription ADOBE *CREATIVE CLD","html/mail_098_e_ZwLjBQVkZQDmZQDkZQNjZwRlAQRlZj.html","","0051; 2026; 0025","2026-08-21T07:49:02.727Z"
99,"e_ZwLjBQVkZQDmZQZ3ZQNjZwRlZwt0AD==","wealifyjunior@yopmail.com","Your receipt from OPENAI","Your receipt from OPENAI","Wealify <no-reply@wealify.com>",7,"Đây là email sandbox WLF-15 gửi từ mailbox Wealify (SMTP config).  Người gửi gốc (CSV): receipts@openai.com Email id: EM-0050 Thời điểm CSV: 2026-08-03 19:28  Amount 20.00  Giao dịch thẻ  CSV id: CD-0024 Wealify order_no: WLF15-CD-0024 Thẻ: VC03 Loại: purchase Merchant: OPENAI *CHATGPT SUBSCR Số tiền: 20.0 USD (~20.0 USD) Trạng thái CSV: success Mô tả: Subscription OPENAI *CHATGPT SUBSCR","html/mail_099_e_ZwLjBQVkZQDmZQZ3ZQNjZwRlZwt0AD.html","","0050; 2026; 0024","2026-08-21T07:49:03.441Z"
100,"e_ZwLjBQVkZQDmZQZ0ZQNjZwRlZwN3Zj==","wealifyjunior@yopmail.com","Your receipt from OPENAI","Your receipt from OPENAI","Wealify <no-reply@wealify.com>",7,"Đây là email sandbox WLF-15 gửi từ mailbox Wealify (SMTP config).  Người gửi gốc (CSV): receipts@openai.com Email id: EM-0049 Thời điểm CSV: 2026-07-03 18:05  Amount 20.00  Giao dịch thẻ  CSV id: CD-0023 Wealify order_no: WLF15-CD-0023 Thẻ: VC03 Loại: purchase Merchant: OPENAI *CHATGPT SUBSCR Số tiền: 20.0 USD (~20.0 USD) Trạng thái CSV: success Mô tả: Subscription OPENAI *CHATGPT SUBSCR","html/mail_100_e_ZwLjBQVkZQDmZQZ0ZQNjZwRlZwN3Zj.html","","0049; 2026; 0023","2026-08-21T07:49:04.152Z"
101,"e_ZwLjBQVkZQDmZQZkZQNjZwRlZGZ3ZN==","wealifyjunior@yopmail.com","Your receipt from OPENAI","Your receipt from OPENAI","Wealify <no-reply@wealify.com>",7,"Đây là email sandbox WLF-15 gửi từ mailbox Wealify (SMTP config).  Người gửi gốc (CSV): receipts@openai.com Email id: EM-0048 Thời điểm CSV: 2026-06-03 17:59  Amount 20.00  Giao dịch thẻ  CSV id: CD-0022 Wealify order_no: WLF15-CD-0022 Thẻ: VC03 Loại: purchase Merchant: OPENAI *CHATGPT SUBSCR Số tiền: 20.0 USD (~20.0 USD) Trạng thái CSV: success Mô tả: Subscription OPENAI *CHATGPT SUBSCR","html/mail_101_e_ZwLjBQVkZQDmZQZkZQNjZwRlZGZ3ZN.html","","0048; 2026; 0022","2026-08-21T07:49:04.861Z"
102,"e_ZwLjBQVkZQDmZQV5ZQNjZwRlZQt1AD==","wealifyjunior@yopmail.com","Your receipt from OPENAI","Your receipt from OPENAI","Wealify <no-reply@wealify.com>",7,"Đây là email sandbox WLF-15 gửi từ mailbox Wealify (SMTP config).  Người gửi gốc (CSV): receipts@openai.com Email id: EM-0047 Thời điểm CSV: 2026-05-03 15:22  Amount 20.00  Giao dịch thẻ  CSV id: CD-0021 Wealify order_no: WLF15-CD-0021 Thẻ: VC03 Loại: purchase Merchant: OPENAI *CHATGPT SUBSCR Số tiền: 20.0 USD (~20.0 USD) Trạng thái CSV: success Mô tả: Subscription OPENAI *CHATGPT SUBSCR","html/mail_102_e_ZwLjBQVkZQDmZQV5ZQNjZwRlZQt1AD.html","","0047; 2026; 0021","2026-08-21T07:49:05.571Z"
103,"e_ZwLjBQVkZQDmZQV3ZQNjZwRlZQDlBN==","wealifyjunior@yopmail.com","Your receipt from OPENAI","Your receipt from OPENAI","Wealify <no-reply@wealify.com>",7,"Đây là email sandbox WLF-15 gửi từ mailbox Wealify (SMTP config).  Người gửi gốc (CSV): receipts@openai.com Email id: EM-0046 Thời điểm CSV: 2026-04-03 17:36  Amount 20.00  Giao dịch thẻ  CSV id: CD-0020 Wealify order_no: WLF15-CD-0020 Thẻ: VC03 Loại: purchase Merchant: OPENAI *CHATGPT SUBSCR Số tiền: 20.0 USD (~20.0 USD) Trạng thái CSV: success Mô tả: Subscription OPENAI *CHATGPT SUBSCR","html/mail_103_e_ZwLjBQVkZQDmZQV3ZQNjZwRlZQDlBN.html","","0046; 2026; 0020","2026-08-21T07:49:06.285Z"
104,"e_ZwLjBQVkZQDmZQV2ZQNjZwRlZQV1At==","wealifyjunior@yopmail.com","Your receipt from OPENAI","Your receipt from OPENAI","Wealify <no-reply@wealify.com>",7,"Đây là email sandbox WLF-15 gửi từ mailbox Wealify (SMTP config).  Người gửi gốc (CSV): receipts@openai.com Email id: EM-0045 Thời điểm CSV: 2026-03-03 19:47  Amount 20.00  Giao dịch thẻ  CSV id: CD-0019 Wealify order_no: WLF15-CD-0019 Thẻ: VC03 Loại: purchase Merchant: OPENAI *CHATGPT SUBSCR Số tiền: 20.0 USD (~20.0 USD) Trạng thái CSV: success Mô tả: Subscription OPENAI *CHATGPT SUBSCR","html/mail_104_e_ZwLjBQVkZQDmZQV2ZQNjZwRlZQV1At.html","","0045; 2026; 0019","2026-08-21T07:49:06.994Z"
105,"e_ZwLjBQVkZQDmZQVlZQNjZwRkBGD1BD==","wealifyjunior@yopmail.com","Your receipt from GOOGLE","Your receipt from GOOGLE","Wealify <no-reply@wealify.com>",7,"Đây là email sandbox WLF-15 gửi từ mailbox Wealify (SMTP config).  Người gửi gốc (CSV): receipts@google.com Email id: EM-0044 Thời điểm CSV: 2026-08-12 14:46  Amount 13.99  Giao dịch thẻ  CSV id: CD-0018 Wealify order_no: WLF15-CD-0018 Thẻ: VC02 Loại: purchase Merchant: GOOGLE *YOUTUBEPREM Số tiền: 13.99 USD (~13.99 USD) Trạng thái CSV: success Mô tả: Subscription GOOGLE *YOUTUBEPREM","html/mail_105_e_ZwLjBQVkZQDmZQVlZQNjZwRkBGD1BD.html","","0044; 2026; 0018","2026-08-21T07:49:07.704Z"
106,"e_ZwLjBQVkZQDmZQR5ZQNjZwRkBQL1Zj==","wealifyjunior@yopmail.com","Your receipt from GOOGLE","Your receipt from GOOGLE","Wealify <no-reply@wealify.com>",8,"Đây là email sandbox WLF-15 gửi từ mailbox Wealify (SMTP config).  Người gửi gốc (CSV): receipts@google.com Email id: EM-0043 Thời điểm CSV: 2026-07-12 09:23  Amount 13.99  Giao dịch thẻ  CSV id: CD-0017 Wealify order_no: WLF15-CD-0017 Thẻ: VC02 Loại: purchase Merchant: GOOGLE *YOUTUBEPREM Số tiền: 13.99 USD (~13.99 USD) Trạng thái CSV: success Mô tả: Subscription GOOGLE *YOUTUBEPREM","html/mail_106_e_ZwLjBQVkZQDmZQR5ZQNjZwRkBQL1Zj.html","","0043; 2026; 0017","2026-08-21T07:49:08.416Z"
107,"e_ZwLjBQVkZQDmZQR2ZQNjZwRkAmx3AD==","wealifyjunior@yopmail.com","Your receipt from GOOGLE","Your receipt from GOOGLE","Wealify <no-reply@wealify.com>",8,"Đây là email sandbox WLF-15 gửi từ mailbox Wealify (SMTP config).  Người gửi gốc (CSV): receipts@google.com Email id: EM-0042 Thời điểm CSV: 2026-06-12 15:13  Amount 13.99  Giao dịch thẻ  CSV id: CD-0016 Wealify order_no: WLF15-CD-0016 Thẻ: VC02 Loại: purchase Merchant: GOOGLE *YOUTUBEPREM Số tiền: 13.99 USD (~13.99 USD) Trạng thái CSV: success Mô tả: Subscription GOOGLE *YOUTUBEPREM","html/mail_107_e_ZwLjBQVkZQDmZQR2ZQNjZwRkAmx3AD.html","","0042; 2026; 0016","2026-08-21T07:49:09.128Z"
108,"e_ZwLjBQVkZQDmZQRmZQNjZwRkAmDmZD==","wealifyjunior@yopmail.com","Your receipt from GOOGLE","Your receipt from GOOGLE","Wealify <no-reply@wealify.com>",8,"Đây là email sandbox WLF-15 gửi từ mailbox Wealify (SMTP config).  Người gửi gốc (CSV): receipts@google.com Email id: EM-0041 Thời điểm CSV: 2026-05-12 18:13  Amount 13.99  Giao dịch thẻ  CSV id: CD-0015 Wealify order_no: WLF15-CD-0015 Thẻ: VC02 Loại: purchase Merchant: GOOGLE *YOUTUBEPREM Số tiền: 13.99 USD (~13.99 USD) Trạng thái CSV: success Mô tả: Subscription GOOGLE *YOUTUBEPREM","html/mail_108_e_ZwLjBQVkZQDmZQRmZQNjZwRkAmDmZD.html","","0041; 2026; 0015","2026-08-21T07:49:09.839Z"
109,"e_ZwLjBQVkZQDmZQRkZQNjZwRkAwxmAD==","wealifyjunior@yopmail.com","Your receipt from GOOGLE","Your receipt from GOOGLE","Wealify <no-reply@wealify.com>",8,"Đây là email sandbox WLF-15 gửi từ mailbox Wealify (SMTP config).  Người gửi gốc (CSV): receipts@google.com Email id: EM-0040 Thời điểm CSV: 2026-04-12 19:22  Amount 13.99  Giao dịch thẻ  CSV id: CD-0014 Wealify order_no: WLF15-CD-0014 Thẻ: VC02 Loại: purchase Merchant: GOOGLE *YOUTUBEPREM Số tiền: 13.99 USD (~13.99 USD) Trạng thái CSV: success Mô tả: Subscription GOOGLE *YOUTUBEPREM","html/mail_109_e_ZwLjBQVkZQDmZQRkZQNjZwRkAwxmAD.html","","0040; 2026; 0014","2026-08-21T07:49:10.551Z"
110,"e_ZwLjBQVkZQDmZQRkZQNjZwRkAwt5Aj==","wealifyjunior@yopmail.com","Your receipt from Spotify P0F2K","Your receipt from Spotify P0F2K","Wealify <no-reply@wealify.com>",8,"Đây là email sandbox WLF-15 gửi từ mailbox Wealify (SMTP config).  Người gửi gốc (CSV): receipts@spotify.com Email id: EM-0038 Thời điểm CSV: 2026-08-09 12:50  Amount 9.99  Giao dịch thẻ  CSV id: CD-0012 Wealify order_no: WLF15-CD-0012 Thẻ: VC02 Loại: purchase Merchant: Spotify P0F2K Số tiền: 9.99 USD (~9.99 USD) Trạng thái CSV: success Mô tả: Subscription Spotify P0F2K","html/mail_110_e_ZwLjBQVkZQDmZQRkZQNjZwRkAwt5Aj.html","","0038; 2026; 0012","2026-08-21T07:49:11.266Z"
111,"e_ZwLjBQVkZQDmZQRjZQNjZwRkAwplZt==","wealifyjunior@yopmail.com","Giao dịch rút tiền từ Tài kho ản ảo đã bị hủy","Giao dịch rút tiền từ Tài kho ản ảo đã bị hủy","Wealify <no-reply@wealify.com>",8,"Chào Mail Linh Junior,  Chúng tôi rất tiếc phải thông báo rằng giao dịch rút tiền từ Tài khoản ảo của bạn đã bị hủy.  Lý do thất bại: Lệnh rút quá hạn — tự động hủy do không được xử lý trong thời gian quy định.  Chi tiết giao dịch:  - Mã giao dịch: WLFJR-VA-0032 - Thời gian: 20/07/2026 08:07AM - Phương thức: Ngân hàng - Tên ngân hàng: - Tên tài khoản: - Số tài khoản: - Số tiền rút: 50,699,000 VND - Phí: 0.00% - Thực nhận: 50,699,000 VND  Vui lòng xem lại các chi tiết và thử lại quy trình rút tiền. Nếu bạn cần hỗ trợ hoặc có bất kỳ câu hỏi nào, vui lòng liên hệ với chúng tôi tại support@wealify.com.  Trân trọng,  Đội ngũ Wealify  © 2026 Wealify. Bảo lưu mọi quyền.","html/mail_111_e_ZwLjBQVkZQDmZQRjZQNjZwRkAwplZt.html","","0032; 2026","2026-08-21T07:49:11.978Z"
112,"e_ZwLjBQVkZQDmZQRjZQNjZwRkAwLmBD==","wealifyjunior@yopmail.com","Your receipt from GOOGLE","Your receipt from GOOGLE","Wealify <no-reply@wealify.com>",8,"Đây là email sandbox WLF-15 gửi từ mailbox Wealify (SMTP config).  Người gửi gốc (CSV): receipts@google.com Email id: EM-0039 Thời điểm CSV: 2026-03-12 15:28  Amount 13.99  Giao dịch thẻ  CSV id: CD-0013 Wealify order_no: WLF15-CD-0013 Thẻ: VC02 Loại: purchase Merchant: GOOGLE *YOUTUBEPREM Số tiền: 13.99 USD (~13.99 USD) Trạng thái CSV: success Mô tả: Subscription GOOGLE *YOUTUBEPREM","html/mail_112_e_ZwLjBQVkZQDmZQRjZQNjZwRkAwLmBD.html","","0039; 2026; 0013","2026-08-21T07:49:12.689Z"
113,"e_ZwLjBQVkZQDmZQN0ZQNjZwRkAGN0ZN==","wealifyjunior@yopmail.com","Your receipt from Spotify P0F2K","Your receipt from Spotify P0F2K","Wealify <no-reply@wealify.com>",8,"Đây là email sandbox WLF-15 gửi từ mailbox Wealify (SMTP config).  Người gửi gốc (CSV): receipts@spotify.com Email id: EM-0037 Thời điểm CSV: 2026-07-09 09:48  Amount 9.99  Giao dịch thẻ  CSV id: CD-0011 Wealify order_no: WLF15-CD-0011 Thẻ: VC02 Loại: purchase Merchant: Spotify P0F2K Số tiền: 9.99 USD (~9.99 USD) Trạng thái CSV: success Mô tả: Subscription Spotify P0F2K","html/mail_113_e_ZwLjBQVkZQDmZQN0ZQNjZwRkAGN0ZN.html","","0037; 2026; 0011","2026-08-21T07:49:13.403Z"
114,"e_ZwLjBQVkZQDmZQNkZQNjZwRkAQZmBN==","wealifyjunior@yopmail.com","Your receipt from Spotify P0F2K","Your receipt from Spotify P0F2K","Wealify <no-reply@wealify.com>",8,"Đây là email sandbox WLF-15 gửi từ mailbox Wealify (SMTP config).  Người gửi gốc (CSV): receipts@spotify.com Email id: EM-0036 Thời điểm CSV: 2026-06-09 08:57  Amount 9.99  Giao dịch thẻ  CSV id: CD-0010 Wealify order_no: WLF15-CD-0010 Thẻ: VC02 Loại: purchase Merchant: Spotify P0F2K Số tiền: 9.99 USD (~9.99 USD) Trạng thái CSV: success Mô tả: Subscription Spotify P0F2K","html/mail_114_e_ZwLjBQVkZQDmZQNkZQNjZwRkAQZmBN.html","","0036; 2026; 0010","2026-08-21T07:49:14.116Z"
115,"e_ZwLjBQVkZQDlBGH3ZQNjZwRkZmt1Aj==","wealifyjunior@yopmail.com","Your receipt from Spotify P0F2K","Your receipt from Spotify P0F2K","Wealify <no-reply@wealify.com>",8,"Đây là email sandbox WLF-15 gửi từ mailbox Wealify (SMTP config).  Người gửi gốc (CSV): receipts@spotify.com Email id: EM-0035 Thời điểm CSV: 2026-05-09 13:09  Amount 9.99  Giao dịch thẻ  CSV id: CD-0009 Wealify order_no: WLF15-CD-0009 Thẻ: VC02 Loại: purchase Merchant: Spotify P0F2K Số tiền: 9.99 USD (~9.99 USD) Trạng thái CSV: success Mô tả: Subscription Spotify P0F2K","html/mail_115_e_ZwLjBQVkZQDlBGH3ZQNjZwRkZmt1Aj.html","","0035; 2026; 0009","2026-08-21T07:49:14.828Z"
116,"e_ZwLjBQVkZQDlBGH1ZQNjZwRkZmHmAN==","wealifyjunior@yopmail.com","Your receipt from Spotify P0F2K","Your receipt from Spotify P0F2K","Wealify <no-reply@wealify.com>",8,"Đây là email sandbox WLF-15 gửi từ mailbox Wealify (SMTP config).  Người gửi gốc (CSV): receipts@spotify.com Email id: EM-0034 Thời điểm CSV: 2026-04-09 14:51  Amount 9.99  Giao dịch thẻ  CSV id: CD-0008 Wealify order_no: WLF15-CD-0008 Thẻ: VC02 Loại: purchase Merchant: Spotify P0F2K Số tiền: 9.99 USD (~9.99 USD) Trạng thái CSV: success Mô tả: Subscription Spotify P0F2K","html/mail_116_e_ZwLjBQVkZQDlBGH1ZQNjZwRkZmHmAN.html","","0034; 2026; 0008","2026-08-21T07:49:15.541Z"
117,"e_ZwLjBQVkZQDlBGHlZQNjZwRkZmRmZj==","wealifyjunior@yopmail.com","Your receipt from Spotify P0F2K","Your receipt from Spotify P0F2K","Wealify <no-reply@wealify.com>",8,"Đây là email sandbox WLF-15 gửi từ mailbox Wealify (SMTP config).  Người gửi gốc (CSV): receipts@spotify.com Email id: EM-0033 Thời điểm CSV: 2026-03-09 15:20  Amount 9.99  Giao dịch thẻ  CSV id: CD-0007 Wealify order_no: WLF15-CD-0007 Thẻ: VC02 Loại: purchase Merchant: Spotify P0F2K Số tiền: 9.99 USD (~9.99 USD) Trạng thái CSV: success Mô tả: Subscription Spotify P0F2K","html/mail_117_e_ZwLjBQVkZQDlBGHlZQNjZwRkZmRmZj.html","","0033; 2026; 0007","2026-08-21T07:49:16.253Z"
118,"e_ZwLjBQVkZQDlBGHjZQNjZwRkZwt5BD==","wealifyjunior@yopmail.com","Your receipt from NETFLIX.COM","Your receipt from NETFLIX.COM","Wealify <no-reply@wealify.com>",8,"Đây là email sandbox WLF-15 gửi từ mailbox Wealify (SMTP config).  Người gửi gốc (CSV): receipts@netflix.com Email id: EM-0032 Thời điểm CSV: 2026-08-06 14:00  Amount 17.99  Giao dịch thẻ  CSV id: CD-0006 Wealify order_no: WLF15-CD-0006 Thẻ: VC02 Loại: purchase Merchant: NETFLIX.COM Số tiền: 17.99 USD (~17.99 USD) Trạng thái CSV: success Mô tả: Subscription NETFLIX.COM","html/mail_118_e_ZwLjBQVkZQDlBGHjZQNjZwRkZwt5BD.html","","0032; 2026; 0006","2026-08-21T07:49:16.964Z"
119,"e_ZwLjBQVkZQDlBGD3ZQNjZwRkZwD3BD==","wealifyjunior@yopmail.com","Your receipt from NETFLIX.COM","Your receipt from NETFLIX.COM","Wealify <no-reply@wealify.com>",8,"Đây là email sandbox WLF-15 gửi từ mailbox Wealify (SMTP config).  Người gửi gốc (CSV): receipts@netflix.com Email id: EM-0031 Thời điểm CSV: 2026-07-06 13:26  Amount 17.99  Giao dịch thẻ  CSV id: CD-0005 Wealify order_no: WLF15-CD-0005 Thẻ: VC02 Loại: purchase Merchant: NETFLIX.COM Số tiền: 17.99 USD (~17.99 USD) Trạng thái CSV: success Mô tả: Subscription NETFLIX.COM","html/mail_119_e_ZwLjBQVkZQDlBGD3ZQNjZwRkZwD3BD.html","","0031; 2026; 0005","2026-08-21T07:49:17.679Z"
120,"e_ZwLjBQVkZQDlBGD2ZQNjZwRkZwZ2ZD==","wealifyjunior@yopmail.com","Your receipt from NETFLIX.COM","Your receipt from NETFLIX.COM","Wealify <no-reply@wealify.com>",8,"Đây là email sandbox WLF-15 gửi từ mailbox Wealify (SMTP config).  Người gửi gốc (CSV): receipts@netflix.com Email id: EM-0030 Thời điểm CSV: 2026-06-06 18:43  Amount 17.99  Giao dịch thẻ  CSV id: CD-0004 Wealify order_no: WLF15-CD-0004 Thẻ: VC02 Loại: purchase Merchant: NETFLIX.COM Số tiền: 17.99 USD (~17.99 USD) Trạng thái CSV: success Mô tả: Subscription NETFLIX.COM","html/mail_120_e_ZwLjBQVkZQDlBGD2ZQNjZwRkZwZ2ZD.html","","0030; 2026; 0004","2026-08-21T07:49:18.390Z"
121,"e_ZwLjBQVkZQDlBGDkZQNjZwRkZGL2ZD==","wealifyjunior@yopmail.com","Your receipt from NETFLIX.COM","Your receipt from NETFLIX.COM","Wealify <no-reply@wealify.com>",9,"Đây là email sandbox WLF-15 gửi từ mailbox Wealify (SMTP config).  Người gửi gốc (CSV): receipts@netflix.com Email id: EM-0029 Thời điểm CSV: 2026-05-06 19:52  Amount 15.49  Giao dịch thẻ  CSV id: CD-0003 Wealify order_no: WLF15-CD-0003 Thẻ: VC02 Loại: purchase Merchant: NETFLIX.COM Số tiền: 15.49 USD (~15.49 USD) Trạng thái CSV: success Mô tả: Subscription NETFLIX.COM","html/mail_121_e_ZwLjBQVkZQDlBGDkZQNjZwRkZGL2ZD.html","","0029; 2026; 0003","2026-08-21T07:49:19.103Z"
122,"e_ZwLjBQVkZQDlBGZ4ZQNjZwRkZGVmZt==","wealifyjunior@yopmail.com","Your receipt from NETFLIX.COM","Your receipt from NETFLIX.COM","Wealify <no-reply@wealify.com>",9,"Đây là email sandbox WLF-15 gửi từ mailbox Wealify (SMTP config).  Người gửi gốc (CSV): receipts@netflix.com Email id: EM-0028 Thời điểm CSV: 2026-04-06 20:43  Amount 15.49  Giao dịch thẻ  CSV id: CD-0002 Wealify order_no: WLF15-CD-0002 Thẻ: VC02 Loại: purchase Merchant: NETFLIX.COM Số tiền: 15.49 USD (~15.49 USD) Trạng thái CSV: success Mô tả: Subscription NETFLIX.COM","html/mail_122_e_ZwLjBQVkZQDlBGZ4ZQNjZwRkZGVmZt.html","","0028; 2026; 0002","2026-08-21T07:49:19.817Z"
123,"e_ZwLjBQVkZQDlBGZ1ZQNjZwRkZQtlAD==","wealifyjunior@yopmail.com","Your receipt from NETFLIX.COM","Your receipt from NETFLIX.COM","Wealify <no-reply@wealify.com>",9,"Đây là email sandbox WLF-15 gửi từ mailbox Wealify (SMTP config).  Người gửi gốc (CSV): receipts@netflix.com Email id: EM-0027 Thời điểm CSV: 2026-03-06 14:43  Amount 15.49  Giao dịch thẻ  CSV id: CD-0001 Wealify order_no: WLF15-CD-0001 Thẻ: VC02 Loại: purchase Merchant: NETFLIX.COM Số tiền: 15.49 USD (~15.49 USD) Trạng thái CSV: success Mô tả: Subscription NETFLIX.COM","html/mail_123_e_ZwLjBQVkZQDlBGZ1ZQNjZwRkZQtlAD.html","","0027; 2026; 0001","2026-08-21T07:49:20.529Z"
124,"e_ZwLjBQVkZQDlBGZmZQNjZwRkZQD3Zj==","wealifyjunior@yopmail.com","Payout confirmation Amazon","Payout confirmation Amazon","Wealify <no-reply@wealify.com>",9,"Đây là email sandbox WLF-15 gửi từ mailbox Wealify (SMTP config).  Người gửi gốc (CSV): payments@amazon.com Email id: EM-0026 Thời điểm CSV: 2026-05-15 00:51  You received USD 1830.84  Giao dịch VA  CSV id: VA-0160 Wealify order_no: WLF15-VA-0160 VA: VA06 Loại: payin Nguồn / đối tác: Amazon / Amazon payout Số tiền: 1830.84 USD (~1830.84 USD) Trạng thái CSV: success Mô tả: Nhận tiền từ Amazon","html/mail_124_e_ZwLjBQVkZQDlBGZmZQNjZwRkZQD3Zj.html","","0026; 2026; 1830; 0160","2026-08-21T07:49:21.242Z"
125,"e_ZwLjBQVkZQDlBGZjZQNjZwRkZQR2BD==","wealifyjunior@yopmail.com","Payout confirmation Amazon","Payout confirmation Amazon","Wealify <no-reply@wealify.com>",9,"Đây là email sandbox WLF-15 gửi từ mailbox Wealify (SMTP config).  Người gửi gốc (CSV): payments@amazon.com Email id: EM-0025 Thời điểm CSV: 2026-08-08 16:47  You received USD 2001.66  Giao dịch VA  CSV id: VA-0159 Wealify order_no: WLF15-VA-0159 VA: VA06 Loại: payin Nguồn / đối tác: Amazon / Amazon payout Số tiền: 2001.66 USD (~2001.66 USD) Trạng thái CSV: success Mô tả: Nhận tiền từ Amazon","html/mail_125_e_ZwLjBQVkZQDlBGZjZQNjZwRkZQR2BD.html","","0025; 2026; 2001; 0159","2026-08-21T07:49:21.956Z"
126,"e_ZwLjBQVkZQDlBGV4ZQNjZwRjBGt1At==","wealifyjunior@yopmail.com","Payout confirmation Amazon","Payout confirmation Amazon","Wealify <no-reply@wealify.com>",9,"Đây là email sandbox WLF-15 gửi từ mailbox Wealify (SMTP config).  Người gửi gốc (CSV): payments@amazon.com Email id: EM-0024 Thời điểm CSV: 2026-06-07 06:31  You received USD 226.22  Giao dịch VA  CSV id: VA-0157 Wealify order_no: WLF15-VA-0157 VA: VA06 Loại: payin Nguồn / đối tác: Amazon / Amazon payout Số tiền: 226.22 USD (~226.22 USD) Trạng thái CSV: success Mô tả: Nhận tiền từ Amazon","html/mail_126_e_ZwLjBQVkZQDlBGV4ZQNjZwRjBGt1At.html","","0024; 2026; 0157","2026-08-21T07:49:22.670Z"
127,"e_ZwLjBQVkZQDlBGV1ZQNjZwRjBGHmZj==","wealifyjunior@yopmail.com","Payout confirmation Amazon","Payout confirmation Amazon","Wealify <no-reply@wealify.com>",9,"Đây là email sandbox WLF-15 gửi từ mailbox Wealify (SMTP config).  Người gửi gốc (CSV): payments@amazon.com Email id: EM-0023 Thời điểm CSV: 2026-06-24 14:18  You received USD 468.87  Giao dịch VA  CSV id: VA-0154 Wealify order_no: WLF15-VA-0154 VA: VA06 Loại: payin Nguồn / đối tác: Amazon / Amazon payout Số tiền: 468.87 USD (~468.87 USD) Trạng thái CSV: success Mô tả: Nhận tiền từ Amazon","html/mail_127_e_ZwLjBQVkZQDlBGV1ZQNjZwRjBGHmZj.html","","0023; 2026; 0154","2026-08-21T07:49:23.381Z"
128,"e_ZwLjBQVkZQDlBGVlZQNjZwRjBGN0BN==","wealifyjunior@yopmail.com","Payout confirmation Amazon","Payout confirmation Amazon","Wealify <no-reply@wealify.com>",9,"Đây là email sandbox WLF-15 gửi từ mailbox Wealify (SMTP config).  Người gửi gốc (CSV): payments@amazon.com Email id: EM-0022 Thời điểm CSV: 2026-07-08 04:58  You received USD 2044.27  Giao dịch VA  CSV id: VA-0153 Wealify order_no: WLF15-VA-0153 VA: VA06 Loại: payin Nguồn / đối tác: Amazon / Amazon payout Số tiền: 2044.27 USD (~2044.27 USD) Trạng thái CSV: success Mô tả: Nhận tiền từ Amazon","html/mail_128_e_ZwLjBQVkZQDlBGVlZQNjZwRjBGN0BN.html","","0022; 2026; 2044; 0153","2026-08-21T07:49:24.093Z"
129,"e_ZwLjBQVkZQDlBGR5ZQNjZwRjBQp0Zt==","wealifyjunior@yopmail.com","Payout confirmation Amazon","Payout confirmation Amazon","Wealify <no-reply@wealify.com>",9,"Đây là email sandbox WLF-15 gửi từ mailbox Wealify (SMTP config).  Người gửi gốc (CSV): payments@amazon.com Email id: EM-0021 Thời điểm CSV: 2026-04-26 04:00  You received USD 974.85  Giao dịch VA  CSV id: VA-0144 Wealify order_no: WLF15-VA-0144 VA: VA06 Loại: payin Nguồn / đối tác: Amazon / Amazon payout Số tiền: 974.85 USD (~974.85 USD) Trạng thái CSV: success Mô tả: Nhận tiền từ Amazon","html/mail_129_e_ZwLjBQVkZQDlBGR5ZQNjZwRjBQp0Zt.html","","0021; 2026; 0144","2026-08-21T07:49:24.806Z"
130,"e_ZwLjBQVkZQDlBGR3ZQNjZwRjBQD1At==","wealifyjunior@yopmail.com","Payout confirmation Amazon","Payout confirmation Amazon","Wealify <no-reply@wealify.com>",9,"Đây là email sandbox WLF-15 gửi từ mailbox Wealify (SMTP config).  Người gửi gốc (CSV): payments@amazon.com Email id: EM-0020 Thời điểm CSV: 2026-04-08 03:24  You received USD 1277.73  Giao dịch VA  CSV id: VA-0142 Wealify order_no: WLF15-VA-0142 VA: VA06 Loại: payin Nguồn / đối tác: Amazon / Amazon payout Số tiền: 1277.73 USD (~1277.73 USD) Trạng thái CSV: success Mô tả: Nhận tiền từ Amazon","html/mail_130_e_ZwLjBQVkZQDlBGR3ZQNjZwRjBQD1At.html","","0020; 2026; 1277; 0142","2026-08-21T07:49:25.516Z"
131,"e_ZwLjBQVkZQDlBGR0ZQNjZwRjBQN1Aj==","wealifyjunior@yopmail.com","Payout confirmation Paypal","Payout confirmation Paypal","Wealify <no-reply@wealify.com>",9,"Đây là email sandbox WLF-15 gửi từ mailbox Wealify (SMTP config).  Người gửi gốc (CSV): payments@paypal.com Email id: EM-0019 Thời điểm CSV: 2026-07-20 13:15  You received USD 977.74  Giao dịch VA  CSV id: VA-0089 Wealify order_no: WLF15-VA-0089 VA: VA03 Loại: payin Nguồn / đối tác: Paypal / Paypal payout Số tiền: 977.74 USD (~977.74 USD) Trạng thái CSV: success Mô tả: Nhận tiền từ Paypal","html/mail_131_e_ZwLjBQVkZQDlBGR0ZQNjZwRjBQN1Aj.html","","0019; 2026; 0089","2026-08-21T07:49:26.231Z"
132,"e_ZwLjBQVkZQDlBGRmZQNjZwRjAmx5At==","wealifyjunior@yopmail.com","Payout confirmation Paypal","Payout confirmation Paypal","Wealify <no-reply@wealify.com>",9,"Đây là email sandbox WLF-15 gửi từ mailbox Wealify (SMTP config).  Người gửi gốc (CSV): payments@paypal.com Email id: EM-0018 Thời điểm CSV: 2026-05-24 06:53  You received USD 751.45  Giao dịch VA  CSV id: VA-0088 Wealify order_no: WLF15-VA-0088 VA: VA03 Loại: payin Nguồn / đối tác: Paypal / Paypal payout Số tiền: 751.45 USD (~751.45 USD) Trạng thái CSV: success Mô tả: Nhận tiền từ Paypal","html/mail_132_e_ZwLjBQVkZQDlBGRmZQNjZwRjAmx5At.html","","0018; 2026; 0088","2026-08-21T07:49:26.943Z"
133,"e_ZwLjBQVkZQDlBGN5ZQNjZwRjAmZ4AD==","wealifyjunior@yopmail.com","Payout confirmation Paypal","Payout confirmation Paypal","Wealify <no-reply@wealify.com>",9,"Đây là email sandbox WLF-15 gửi từ mailbox Wealify (SMTP config).  Người gửi gốc (CSV): payments@paypal.com Email id: EM-0017 Thời điểm CSV: 2026-06-26 19:09  You received USD 1499.90  Giao dịch VA  CSV id: VA-0087 Wealify order_no: WLF15-VA-0087 VA: VA03 Loại: payin Nguồn / đối tác: Paypal / Paypal payout Số tiền: 1499.9 USD (~1499.9 USD) Trạng thái CSV: success Mô tả: Nhận tiền từ Paypal","html/mail_133_e_ZwLjBQVkZQDlBGN5ZQNjZwRjAmZ4AD.html","","0017; 2026; 1499; 0087","2026-08-21T07:49:27.654Z"
134,"e_ZwLjBQVkZQDlBGN4ZQNjZwRjAmZ0Zt==","wealifyjunior@yopmail.com","Payout confirmation Paypal","Payout confirmation Paypal","Wealify <no-reply@wealify.com>",9,"Đây là email sandbox WLF-15 gửi từ mailbox Wealify (SMTP config).  Người gửi gốc (CSV): payments@paypal.com Email id: EM-0014 Thời điểm CSV: 2026-07-21 22:42  You received USD 410.96  Giao dịch VA  CSV id: VA-0082 Wealify order_no: WLF15-VA-0082 VA: VA03 Loại: payin Nguồn / đối tác: Paypal / Paypal payout Số tiền: 410.96 USD (~410.96 USD) Trạng thái CSV: success Mô tả: Nhận tiền từ Paypal","html/mail_134_e_ZwLjBQVkZQDlBGN4ZQNjZwRjAmZ0Zt.html","","0014; 2026; 0082","2026-08-21T07:49:28.367Z"
135,"e_ZwLjBQVkZQDlBGN3ZQNjZwRjAmRjZj==","wealifyjunior@yopmail.com","Payout confirmation Paypal","Payout confirmation Paypal","Wealify <no-reply@wealify.com>",9,"Đây là email sandbox WLF-15 gửi từ mailbox Wealify (SMTP config).  Người gửi gốc (CSV): payments@paypal.com Email id: EM-0016 Thời điểm CSV: 2026-02-24 08:49  You received USD 1780.60  Giao dịch VA  CSV id: VA-0085 Wealify order_no: WLF15-VA-0085 VA: VA03 Loại: payin Nguồn / đối tác: Paypal / Paypal payout Số tiền: 1780.6 USD (~1780.6 USD) Trạng thái CSV: success Mô tả: Nhận tiền từ Paypal","html/mail_135_e_ZwLjBQVkZQDlBGN3ZQNjZwRjAmRjZj.html","","0016; 2026; 1780; 0085","2026-08-21T07:49:29.083Z"
136,"e_ZwLjBQVkZQDlBGN1ZQNjZwRjAwt2ZN==","wealifyjunior@yopmail.com","Payout confirmation Paypal","Payout confirmation Paypal","Wealify <no-reply@wealify.com>",10,"Đây là email sandbox WLF-15 gửi từ mailbox Wealify (SMTP config).  Người gửi gốc (CSV): payments@paypal.com Email id: EM-0015 Thời điểm CSV: 2026-08-13 08:11  You received USD 1819.70  Giao dịch VA  CSV id: VA-0084 Wealify order_no: WLF15-VA-0084 VA: VA03 Loại: payin Nguồn / đối tác: Paypal / Paypal payout Số tiền: 1819.7 USD (~1819.7 USD) Trạng thái CSV: success Mô tả: Nhận tiền từ Paypal","html/mail_136_e_ZwLjBQVkZQDlBGN1ZQNjZwRjAwt2ZN.html","","0015; 2026; 1819; 0084","2026-08-21T07:49:29.793Z"
137,"e_ZwLjBQVkZQDlBGNjZQNjZwRjAwRmBD==","wealifyjunior@yopmail.com","Payout confirmation Paypal","Payout confirmation Paypal","Wealify <no-reply@wealify.com>",10,"Đây là email sandbox WLF-15 gửi từ mailbox Wealify (SMTP config).  Người gửi gốc (CSV): payments@paypal.com Email id: EM-0013 Thời điểm CSV: 2026-04-13 09:02  You received USD 2318.76  Giao dịch VA  CSV id: VA-0078 Wealify order_no: WLF15-VA-0078 VA: VA03 Loại: payin Nguồn / đối tác: Paypal / Paypal payout Số tiền: 2318.76 USD (~2318.76 USD) Trạng thái CSV: success Mô tả: Nhận tiền từ Paypal","html/mail_137_e_ZwLjBQVkZQDlBGNjZQNjZwRjAwRmBD.html","","0013; 2026; 2318; 0078","2026-08-21T07:49:30.503Z"
138,"e_ZwLjBQVkZQDlBQH3ZQNjZwRjAGt0BD==","wealifyjunior@yopmail.com","Payout confirmation Paypal","Payout confirmation Paypal","Wealify <no-reply@wealify.com>",10,"Đây là email sandbox WLF-15 gửi từ mailbox Wealify (SMTP config).  Người gửi gốc (CSV): payments@paypal.com Email id: EM-0012 Thời điểm CSV: 2026-04-23 00:39  You received USD 247.89  Giao dịch VA  CSV id: VA-0076 Wealify order_no: WLF15-VA-0076 VA: VA03 Loại: payin Nguồn / đối tác: Paypal / Paypal payout Số tiền: 247.89 USD (~247.89 USD) Trạng thái CSV: success Mô tả: Nhận tiền từ Paypal","html/mail_138_e_ZwLjBQVkZQDlBQH3ZQNjZwRjAGt0BD.html","","0012; 2026; 0076","2026-08-21T07:49:31.217Z"
139,"e_ZwLjBQVkZQDlBQH1ZQNjZwRjAGLlZN==","wealifyjunior@yopmail.com","Payout confirmation Paypal","Payout confirmation Paypal","Wealify <no-reply@wealify.com>",10,"Đây là email sandbox WLF-15 gửi từ mailbox Wealify (SMTP config).  Người gửi gốc (CSV): payments@paypal.com Email id: EM-0011 Thời điểm CSV: 2026-06-05 23:10  You received USD 2597.84  Giao dịch VA  CSV id: VA-0072 Wealify order_no: WLF15-VA-0072 VA: VA03 Loại: payin Nguồn / đối tác: Paypal / Paypal payout Số tiền: 2597.84 USD (~2597.84 USD) Trạng thái CSV: success Mô tả: Nhận tiền từ Paypal","html/mail_139_e_ZwLjBQVkZQDlBQH1ZQNjZwRjAGLlZN.html","","0011; 2026; 2597; 0072","2026-08-21T07:49:31.930Z"
140,"e_ZwLjBQVkZQDlBQHmZQNjZwRjAGZ3BN==","wealifyjunior@yopmail.com","Payout confirmation Paypal","Payout confirmation Paypal","Wealify <no-reply@wealify.com>",10,"Đây là email sandbox WLF-15 gửi từ mailbox Wealify (SMTP config).  Người gửi gốc (CSV): payments@paypal.com Email id: EM-0010 Thời điểm CSV: 2026-05-22 05:38  You received USD 1021.88  Giao dịch VA  CSV id: VA-0071 Wealify order_no: WLF15-VA-0071 VA: VA03 Loại: payin Nguồn / đối tác: Paypal / Paypal payout Số tiền: 1021.88 USD (~1021.88 USD) Trạng thái CSV: success Mô tả: Nhận tiền từ Paypal","html/mail_140_e_ZwLjBQVkZQDlBQHmZQNjZwRjAGZ3BN.html","","0010; 2026; 1021; 0071","2026-08-21T07:49:32.642Z"
141,"e_ZwLjBQVkZQDlBQHjZQNjZwRjAGN3AN==","wealifyjunior@yopmail.com","Payout confirmation Payoneer","Payout confirmation Payoneer","Wealify <no-reply@wealify.com>",10,"Đây là email sandbox WLF-15 gửi từ mailbox Wealify (SMTP config).  Người gửi gốc (CSV): payments@payoneer.com Email id: EM-0009 Thời điểm CSV: 2026-03-03 12:26  You received USD 2531.07  Giao dịch VA  CSV id: VA-0053 Wealify order_no: WLF15-VA-0053 VA: VA02 Loại: payin Nguồn / đối tác: Payoneer / Payoneer payout Số tiền: 2531.07 USD (~2531.07 USD) Trạng thái CSV: success Mô tả: Nhận tiền từ Payoneer","html/mail_141_e_ZwLjBQVkZQDlBQHjZQNjZwRjAGN3AN.html","","0009; 2026; 2531; 0053","2026-08-21T07:49:33.354Z"
142,"e_ZwLjBQVkZQDlBQD4ZQNjZwRjAQtkBD==","wealifyjunior@yopmail.com","Payout confirmation Payoneer","Payout confirmation Payoneer","Wealify <no-reply@wealify.com>",10,"Đây là email sandbox WLF-15 gửi từ mailbox Wealify (SMTP config).  Người gửi gốc (CSV): payments@payoneer.com Email id: EM-0008 Thời điểm CSV: 2026-03-06 02:30  You received USD 2421.86  Giao dịch VA  CSV id: VA-0050 Wealify order_no: WLF15-VA-0050 VA: VA02 Loại: payin Nguồn / đối tác: Payoneer / Payoneer payout Số tiền: 2421.86 USD (~2421.86 USD) Trạng thái CSV: success Mô tả: Nhận tiền từ Payoneer","html/mail_142_e_ZwLjBQVkZQDlBQD4ZQNjZwRjAQtkBD.html","","0008; 2026; 2421; 0050","2026-08-21T07:49:34.067Z"
143,"e_ZwLjBQVkZQDlBQD2ZQNjZwRjAQLmAN==","wealifyjunior@yopmail.com","Payout confirmation Payoneer","Payout confirmation Payoneer","Wealify <no-reply@wealify.com>",10,"Đây là email sandbox WLF-15 gửi từ mailbox Wealify (SMTP config).  Người gửi gốc (CSV): payments@payoneer.com Email id: EM-0007 Thời điểm CSV: 2026-04-22 16:21  You received USD 211.72  Giao dịch VA  CSV id: VA-0048 Wealify order_no: WLF15-VA-0048 VA: VA02 Loại: payin Nguồn / đối tác: Payoneer / Payoneer payout Số tiền: 211.72 USD (~211.72 USD) Trạng thái CSV: success Mô tả: Nhận tiền từ Payoneer","html/mail_143_e_ZwLjBQVkZQDlBQD2ZQNjZwRjAQLmAN.html","","0007; 2026; 0048","2026-08-21T07:49:34.781Z"
144,"e_ZwLjBQVkZQDlBQD0ZQNjZwRjAQZ2BD==","wealifyjunior@yopmail.com","Payout confirmation Payoneer","Payout confirmation Payoneer","Wealify <no-reply@wealify.com>",10,"Đây là email sandbox WLF-15 gửi từ mailbox Wealify (SMTP config).  Người gửi gốc (CSV): payments@payoneer.com Email id: EM-0006 Thời điểm CSV: 2026-02-26 23:25  You received USD 392.97  Giao dịch VA  CSV id: VA-0046 Wealify order_no: WLF15-VA-0046 VA: VA02 Loại: payin Nguồn / đối tác: Payoneer / Payoneer payout Số tiền: 392.97 USD (~392.97 USD) Trạng thái CSV: success Mô tả: Nhận tiền từ Payoneer","html/mail_144_e_ZwLjBQVkZQDlBQD0ZQNjZwRjAQZ2BD.html","","0006; 2026; 0046","2026-08-21T07:49:35.493Z"
145,"e_ZwLjBQVkZQDlBQDlZQNjZwRjAQN2AN==","wealifyjunior@yopmail.com","Payout confirmation Payoneer","Payout confirmation Payoneer","Wealify <no-reply@wealify.com>",10,"Đây là email sandbox WLF-15 gửi từ mailbox Wealify (SMTP config).  Người gửi gốc (CSV): payments@payoneer.com Email id: EM-0005 Thời điểm CSV: 2026-03-31 10:08  You received USD 2139.53  Giao dịch VA  CSV id: VA-0045 Wealify order_no: WLF15-VA-0045 VA: VA02 Loại: payin Nguồn / đối tác: Payoneer / Payoneer payout Số tiền: 2139.53 USD (~2139.53 USD) Trạng thái CSV: success Mô tả: Nhận tiền từ Payoneer","html/mail_145_e_ZwLjBQVkZQDlBQDlZQNjZwRjAQN2AN.html","","0005; 2026; 2139; 0045","2026-08-21T07:49:36.206Z"
146,"e_ZwLjBQVkZQDlBQDjZQNjZwRjZmt0AD==","wealifyjunior@yopmail.com","Payout confirmation Payoneer","Payout confirmation Payoneer","Wealify <no-reply@wealify.com>",10,"Đây là email sandbox WLF-15 gửi từ mailbox Wealify (SMTP config).  Người gửi gốc (CSV): payments@payoneer.com Email id: EM-0004 Thời điểm CSV: 2026-05-30 03:03  You received USD 1524.41  Giao dịch VA  CSV id: VA-0044 Wealify order_no: WLF15-VA-0044 VA: VA02 Loại: payin Nguồn / đối tác: Payoneer / Payoneer payout Số tiền: 1524.41 USD (~1524.41 USD) Trạng thái CSV: success Mô tả: Nhận tiền từ Payoneer","html/mail_146_e_ZwLjBQVkZQDlBQDjZQNjZwRjZmt0AD.html","","0004; 2026; 1524; 0044","2026-08-21T07:49:36.918Z"
147,"e_ZwLjBQVkZQDlBQZ4ZQNjZwRjZmH5Aj==","wealifyjunior@yopmail.com","Payout confirmation Payoneer","Payout confirmation Payoneer","Wealify <no-reply@wealify.com>",10,"Đây là email sandbox WLF-15 gửi từ mailbox Wealify (SMTP config).  Người gửi gốc (CSV): payments@payoneer.com Email id: EM-0003 Thời điểm CSV: 2026-06-06 13:21  You received USD 2219.48  Giao dịch VA  CSV id: VA-0040 Wealify order_no: WLF15-VA-0040 VA: VA02 Loại: payin Nguồn / đối tác: Payoneer / Payoneer payout Số tiền: 2219.48 USD (~2219.48 USD) Trạng thái CSV: success Mô tả: Nhận tiền từ Payoneer","html/mail_147_e_ZwLjBQVkZQDlBQZ4ZQNjZwRjZmH5Aj.html","","0003; 2026; 2219; 0040","2026-08-21T07:49:37.632Z"
148,"e_ZwLjBQVkZQDlBQZ2ZQNjZwRjZmZ1Aj==","wealifyjunior@yopmail.com","Payout confirmation Payoneer","Payout confirmation Payoneer","Wealify <no-reply@wealify.com>",10,"Đây là email sandbox WLF-15 gửi từ mailbox Wealify (SMTP config).  Người gửi gốc (CSV): payments@payoneer.com Email id: EM-0002 Thời điểm CSV: 2026-06-30 09:45  You received USD 2486.79  Giao dịch VA  CSV id: VA-0039 Wealify order_no: WLF15-VA-0039 VA: VA02 Loại: payin Nguồn / đối tác: Payoneer / Payoneer payout Số tiền: 2486.79 USD (~2486.79 USD) Trạng thái CSV: success Mô tả: Nhận tiền từ Payoneer","html/mail_148_e_ZwLjBQVkZQDlBQZ2ZQNjZwRjZmZ1Aj.html","","0002; 2026; 2486; 0039","2026-08-21T07:49:38.343Z"
149,"e_ZwLjBQVkZQDlBQZ0ZQNjZwRjZmN4Zj==","wealifyjunior@yopmail.com","Payout confirmation Payoneer","Payout confirmation Payoneer","Wealify <no-reply@wealify.com>",10,"Đây là email sandbox WLF-15 gửi từ mailbox Wealify (SMTP config).  Người gửi gốc (CSV): payments@payoneer.com Email id: EM-0001 Thời điểm CSV: 2026-06-06 12:37  You received USD 153.60  Giao dịch VA  CSV id: VA-0035 Wealify order_no: WLF15-VA-0035 VA: VA02 Loại: payin Nguồn / đối tác: Payoneer / Payoneer payout Số tiền: 153.6 USD (~153.6 USD) Trạng thái CSV: success Mô tả: Nhận tiền từ Payoneer","html/mail_149_e_ZwLjBQVkZQDlBQZ0ZQNjZwRjZmN4Zj.html","","0001; 2026; 0035","2026-08-21T07:49:39.053Z"
150,"e_ZwLjBQVkZQDlBQZlZQNjZwRjZwp5Zj==","wealifyjunior@yopmail.com","[WEALIFY] RÚT TIỀN THÀNH CÔNG: 250 USD TỪ CARD VỀ WALLET","[WEALIFY] RÚT TIỀN THÀNH CÔNG: 250 USD TỪ CARD VỀ WALLET","Wealify <no-reply@wealify.com>",10,"Xin chào Mail Linh Junior,  Giao dịch rút tiền từ Virtual Card về Wealify Wallet của bạn đã được xử lý thành công.  Chi tiết giao dịch:  Mã giao dịch: WLFJR-CD-0211 Loại thẻ: Volcano Ads JR (0101) Số tiền rút: 250 USD Số tiền nhận về Wallet: 250 USD Thời gian: 2026-08-21 04:28:24 Trạng thái: Thành công  Số dư hiện tại:  Card (0101): 96.33 USD Wallet (USD): 2750.01 USD  Bạn có thể sử dụng số dư Wallet USD để nạp thẻ khác, chuyển đổi sang USDT, hoặc giữ lại để dùng sau.  Nếu bạn không thực hiện giao dịch này, vui lòng liên hệ ngay đội ngũ hỗ trợ Wealify:  Email: support@wealify.com Telegram: @WealifySupport  Trân trọng, Đội ngũ Wealify  Cảm ơn Quý khách đã sử dụng dịch vụ của Wealify.  © 2025 Wealify. Mọi quyền được bảo lưu.","html/mail_150_e_ZwLjBQVkZQDlBQZlZQNjZwRjZwp5Zj.html","https://t.me/WealifySupport","0211; 0101; 2026; 2750; 2025","2026-08-21T07:49:39.768Z"
151,"e_ZwLjBQVkZQDjAQDlZQNjZGt5AmL1ZD==","wealifyjunior@yopmail.com","Chào mừng! Việc đăng ký t ài khoản Wealify của bạn đ ã hoàn tất","Chào mừng! Việc đăng ký t ài khoản Wealify của bạn đ ã hoàn tất","Wealify <no-reply@wealify.com>",11,"Chào mừng bạn đến với Wealify!  Chúng tôi rất vui mừng chào đón bạn gia nhập. Với Wealify, bạn có thể dễ dàng chuyển đổi và chuyển tiền trên toàn thế giới.  Hãy bắt đầu hành trình của bạn bằng cách đăng nhập vào hệ thống:  Đăng nhập  Nếu bạn có bất kỳ câu hỏi nào, đừng ngần ngại liên hệ với chúng tôi. Chúng tôi luôn sẵn sàng hỗ trợ!  Trân trọng,  Đội ngũ Wealify  © 2026 Wealify. Bảo lưu mọi quyền.","html/mail_151_e_ZwLjBQVkZQDjAQDlZQNjZGt5AmL1ZD.html","","2026","2026-08-21T07:49:40.474Z"
152,"e_ZwLjBQVkZQDjZmZ0ZQNjZGt4BQNjBN==","wealifyjunior@yopmail.com","[Wealify] VERIFY YOUR EMAIL TO COMPLETE REGISTRATION","[Wealify] VERIFY YOUR EMAIL TO COMPLETE REGISTRATION","Wealify <no-reply@wealify.com>",11,"Hi there,  Welcome to Wealify! To verify your email address and complete your registration, please enter the one-time verification code below:  958102  The code is valid for 10 minutes. Do not share it with anyone.  If you did not initiate this registration request, please do not enter the code and contact us immediately at support@wealify.com.  Best regards,  The Wealify Team  Thank you for choosing Wealify!  © 2026 Wealify. All rights reserved.","html/mail_152_e_ZwLjBQVkZQDjZmZ0ZQNjZGt4BQNjBN.html","","958102; 2026","2026-08-21T07:49:41.184Z"